Category,Subcategory1,Subcategory2,Subcategory3,Attr_Name,Attr_Value,Url
Women,Western,Topwear,Tops & T-Shirts,ColorWithNames,Beige,https://api.hm.com/search-services/v1/en_us/listing/resultpage?pageSource=PLP&page=2&sort=RELEVANCE&pageId=/ladies/shop-by-product/tops&page-size=36&categoryId=ladies_tops&facets=colorWithNames:beige_f5f5dc&filters=sale:false||oldSale:false&touchPoint=DESKTOP&skipStockCheck=false
Women,Western,Topwear,Tops & T-Shirts,ColorWithNames,Black,https://api.hm.com/search-services/v1/en_us/listing/resultpage?pageSource=PLP&page=2&sort=RELEVANCE&pageId=/ladies/shop-by-product/tops&page-size=36&categoryId=ladies_tops&facets=colorWithNames:black_000000&filters=sale:false||oldSale:false&touchPoint=DESKTOP&skipStockCheck=false
Women,Western,Topwear,Tops & T-Shirts,ColorWithNames,Blue,https://api.hm.com/search-services/v1/en_us/listing/resultpage?pageSource=PLP&page=2&sort=RELEVANCE&pageId=/ladies/shop-by-product/tops&page-size=36&categoryId=ladies_tops&facets=colorWithNames:blue_0000ff&filters=sale:false||oldSale:false&touchPoint=DESKTOP&skipStockCheck=false
Women,Western,Topwear,Tops & T-Shirts,ColorWithNames,Bronze,https://api.hm.com/search-services/v1/en_us/listing/resultpage?pageSource=PLP&page=2&sort=RELEVANCE&pageId=/ladies/shop-by-product/tops&page-size=36&categoryId=ladies_tops&facets=colorWithNames:bronze_cd7f32&filters=sale:false||oldSale:false&touchPoint=DESKTOP&skipStockCheck=false
Women,Western,Topwear,Tops & T-Shirts,ColorWithNames,Brown,https://api.hm.com/search-services/v1/en_us/listing/resultpage?pageSource=PLP&page=2&sort=RELEVANCE&pageId=/ladies/shop-by-product/tops&page-size=36&categoryId=ladies_tops&facets=colorWithNames:brown_a52a2a&filters=sale:false||oldSale:false&touchPoint=DESKTOP&skipStockCheck=false
Women,Western,Topwear,Tops & T-Shirts,ColorWithNames,Gray,https://api.hm.com/search-services/v1/en_us/listing/resultpage?pageSource=PLP&page=2&sort=RELEVANCE&pageId=/ladies/shop-by-product/tops&page-size=36&categoryId=ladies_tops&facets=colorWithNames:gray_808080&filters=sale:false||oldSale:false&touchPoint=DESKTOP&skipStockCheck=false
Women,Western,Topwear,Tops & T-Shirts,ColorWithNames,Green,https://api.hm.com/search-services/v1/en_us/listing/resultpage?pageSource=PLP&page=2&sort=RELEVANCE&pageId=/ladies/shop-by-product/tops&page-size=36&categoryId=ladies_tops&facets=colorWithNames:green_008000&filters=sale:false||oldSale:false&touchPoint=DESKTOP&skipStockCheck=false
Women,Western,Topwear,Tops & T-Shirts,ColorWithNames,Multi,https://api.hm.com/search-services/v1/en_us/listing/resultpage?pageSource=PLP&page=2&sort=RELEVANCE&pageId=/ladies/shop-by-product/tops&page-size=36&categoryId=ladies_tops&facets=colorWithNames:multi_000000&filters=sale:false||oldSale:false&touchPoint=DESKTOP&skipStockCheck=false
Women,Western,Topwear,Tops & T-Shirts,ColorWithNames,Orange,https://api.hm.com/search-services/v1/en_us/listing/resultpage?pageSource=PLP&page=2&sort=RELEVANCE&pageId=/ladies/shop-by-product/tops&page-size=36&categoryId=ladies_tops&facets=colorWithNames:orange_ffa500&filters=sale:false||oldSale:false&touchPoint=DESKTOP&skipStockCheck=false
Women,Western,Topwear,Tops & T-Shirts,ColorWithNames,Pink,https://api.hm.com/search-services/v1/en_us/listing/resultpage?pageSource=PLP&page=2&sort=RELEVANCE&pageId=/ladies/shop-by-product/tops&page-size=36&categoryId=ladies_tops&facets=colorWithNames:pink_ffc0cb&filters=sale:false||oldSale:false&touchPoint=DESKTOP&skipStockCheck=false
Women,Western,Topwear,Tops & T-Shirts,ColorWithNames,Red,https://api.hm.com/search-services/v1/en_us/listing/resultpage?pageSource=PLP&page=2&sort=RELEVANCE&pageId=/ladies/shop-by-product/tops&page-size=36&categoryId=ladies_tops&facets=colorWithNames:red_ff0000&filters=sale:false||oldSale:false&touchPoint=DESKTOP&skipStockCheck=false
Women,Western,Topwear,Tops & T-Shirts,ColorWithNames,Silver-Colored,https://api.hm.com/search-services/v1/en_us/listing/resultpage?pageSource=PLP&page=2&sort=RELEVANCE&pageId=/ladies/shop-by-product/tops&page-size=36&categoryId=ladies_tops&facets=colorWithNames:silver-colored_c0c0c0&filters=sale:false||oldSale:false&touchPoint=DESKTOP&skipStockCheck=false
Women,Western,Topwear,Tops & T-Shirts,ColorWithNames,Turquoise,https://api.hm.com/search-services/v1/en_us/listing/resultpage?pageSource=PLP&page=2&sort=RELEVANCE&pageId=/ladies/shop-by-product/tops&page-size=36&categoryId=ladies_tops&facets=colorWithNames:turquoise_40e0d0&filters=sale:false||oldSale:false&touchPoint=DESKTOP&skipStockCheck=false
Women,Western,Topwear,Tops & T-Shirts,ColorWithNames,White,https://api.hm.com/search-services/v1/en_us/listing/resultpage?pageSource=PLP&page=2&sort=RELEVANCE&pageId=/ladies/shop-by-product/tops&page-size=36&categoryId=ladies_tops&facets=colorWithNames:white_ffffff&filters=sale:false||oldSale:false&touchPoint=DESKTOP&skipStockCheck=false
Women,Western,Topwear,Tops & T-Shirts,ColorWithNames,Yellow,https://api.hm.com/search-services/v1/en_us/listing/resultpage?pageSource=PLP&page=2&sort=RELEVANCE&pageId=/ladies/shop-by-product/tops&page-size=36&categoryId=ladies_tops&facets=colorWithNames:yellow_ffff00&filters=sale:false||oldSale:false&touchPoint=DESKTOP&skipStockCheck=false
Women,Western,Topwear,Tops & T-Shirts,GarmentLengths,Ankle-Length,https://api.hm.com/search-services/v1/en_us/listing/resultpage?pageSource=PLP&page=2&sort=RELEVANCE&pageId=/ladies/shop-by-product/tops&page-size=36&categoryId=ladies_tops&facets=garmentLengths:Ankle-length&filters=sale:false||oldSale:false&touchPoint=DESKTOP&skipStockCheck=false
Women,Western,Topwear,Tops & T-Shirts,GarmentLengths,Crop,https://api.hm.com/search-services/v1/en_us/listing/resultpage?pageSource=PLP&page=2&sort=RELEVANCE&pageId=/ladies/shop-by-product/tops&page-size=36&categoryId=ladies_tops&facets=garmentLengths:Crop&filters=sale:false||oldSale:false&touchPoint=DESKTOP&skipStockCheck=false
Women,Western,Topwear,Tops & T-Shirts,GarmentLengths,Knee-Length,https://api.hm.com/search-services/v1/en_us/listing/resultpage?pageSource=PLP&page=2&sort=RELEVANCE&pageId=/ladies/shop-by-product/tops&page-size=36&categoryId=ladies_tops&facets=garmentLengths:Knee-length&filters=sale:false||oldSale:false&touchPoint=DESKTOP&skipStockCheck=false
Women,Western,Topwear,Tops & T-Shirts,GarmentLengths,Long,https://api.hm.com/search-services/v1/en_us/listing/resultpage?pageSource=PLP&page=2&sort=RELEVANCE&pageId=/ladies/shop-by-product/tops&page-size=36&categoryId=ladies_tops&facets=garmentLengths:Long&filters=sale:false||oldSale:false&touchPoint=DESKTOP&skipStockCheck=false
Women,Western,Topwear,Tops & T-Shirts,GarmentLengths,Midi,https://api.hm.com/search-services/v1/en_us/listing/resultpage?pageSource=PLP&page=2&sort=RELEVANCE&pageId=/ladies/shop-by-product/tops&page-size=36&categoryId=ladies_tops&facets=garmentLengths:Midi&filters=sale:false||oldSale:false&touchPoint=DESKTOP&skipStockCheck=false
Women,Western,Topwear,Tops & T-Shirts,GarmentLengths,Regular Length,https://api.hm.com/search-services/v1/en_us/listing/resultpage?pageSource=PLP&page=2&sort=RELEVANCE&pageId=/ladies/shop-by-product/tops&page-size=36&categoryId=ladies_tops&facets=garmentLengths:Regular length&filters=sale:false||oldSale:false&touchPoint=DESKTOP&skipStockCheck=false
Women,Western,Topwear,Tops & T-Shirts,GarmentLengths,Short,https://api.hm.com/search-services/v1/en_us/listing/resultpage?pageSource=PLP&page=2&sort=RELEVANCE&pageId=/ladies/shop-by-product/tops&page-size=36&categoryId=ladies_tops&facets=garmentLengths:Short&filters=sale:false||oldSale:false&touchPoint=DESKTOP&skipStockCheck=false
Women,Western,Topwear,Tops & T-Shirts,ClothingStyles,Bandeau,https://api.hm.com/search-services/v1/en_us/listing/resultpage?pageSource=PLP&page=2&sort=RELEVANCE&pageId=/ladies/shop-by-product/tops&page-size=36&categoryId=ladies_tops&facets=clothingStyles:Bandeau&filters=sale:false||oldSale:false&touchPoint=DESKTOP&skipStockCheck=false
Women,Western,Topwear,Tops & T-Shirts,ClothingStyles,Boxy,https://api.hm.com/search-services/v1/en_us/listing/resultpage?pageSource=PLP&page=2&sort=RELEVANCE&pageId=/ladies/shop-by-product/tops&page-size=36&categoryId=ladies_tops&facets=clothingStyles:Boxy&filters=sale:false||oldSale:false&touchPoint=DESKTOP&skipStockCheck=false
Women,Western,Topwear,Tops & T-Shirts,ClothingStyles,Camisole Top,https://api.hm.com/search-services/v1/en_us/listing/resultpage?pageSource=PLP&page=2&sort=RELEVANCE&pageId=/ladies/shop-by-product/tops&page-size=36&categoryId=ladies_tops&facets=clothingStyles:Camisole Top&filters=sale:false||oldSale:false&touchPoint=DESKTOP&skipStockCheck=false
Women,Western,Topwear,Tops & T-Shirts,ClothingStyles,Corset Top,https://api.hm.com/search-services/v1/en_us/listing/resultpage?pageSource=PLP&page=2&sort=RELEVANCE&pageId=/ladies/shop-by-product/tops&page-size=36&categoryId=ladies_tops&facets=clothingStyles:Corset Top&filters=sale:false||oldSale:false&touchPoint=DESKTOP&skipStockCheck=false
Women,Western,Topwear,Tops & T-Shirts,ClothingStyles,Cut-Out,https://api.hm.com/search-services/v1/en_us/listing/resultpage?pageSource=PLP&page=2&sort=RELEVANCE&pageId=/ladies/shop-by-product/tops&page-size=36&categoryId=ladies_tops&facets=clothingStyles:Cut-out&filters=sale:false||oldSale:false&touchPoint=DESKTOP&skipStockCheck=false
Women,Western,Topwear,Tops & T-Shirts,ClothingStyles,Draped,https://api.hm.com/search-services/v1/en_us/listing/resultpage?pageSource=PLP&page=2&sort=RELEVANCE&pageId=/ladies/shop-by-product/tops&page-size=36&categoryId=ladies_tops&facets=clothingStyles:Draped&filters=sale:false||oldSale:false&touchPoint=DESKTOP&skipStockCheck=false
Women,Western,Topwear,Tops & T-Shirts,ClothingStyles,Half-Zip,https://api.hm.com/search-services/v1/en_us/listing/resultpage?pageSource=PLP&page=2&sort=RELEVANCE&pageId=/ladies/shop-by-product/tops&page-size=36&categoryId=ladies_tops&facets=clothingStyles:Half-zip&filters=sale:false||oldSale:false&touchPoint=DESKTOP&skipStockCheck=false
Women,Western,Topwear,Tops & T-Shirts,ClothingStyles,Henley Shirt,https://api.hm.com/search-services/v1/en_us/listing/resultpage?pageSource=PLP&page=2&sort=RELEVANCE&pageId=/ladies/shop-by-product/tops&page-size=36&categoryId=ladies_tops&facets=clothingStyles:Henley Shirt&filters=sale:false||oldSale:false&touchPoint=DESKTOP&skipStockCheck=false
Women,Western,Topwear,Tops & T-Shirts,ClothingStyles,Keyhole Cutout,https://api.hm.com/search-services/v1/en_us/listing/resultpage?pageSource=PLP&page=2&sort=RELEVANCE&pageId=/ladies/shop-by-product/tops&page-size=36&categoryId=ladies_tops&facets=clothingStyles:Keyhole cutout&filters=sale:false||oldSale:false&touchPoint=DESKTOP&skipStockCheck=false
Women,Western,Topwear,Tops & T-Shirts,ClothingStyles,Non-Padded Bra,https://api.hm.com/search-services/v1/en_us/listing/resultpage?pageSource=PLP&page=2&sort=RELEVANCE&pageId=/ladies/shop-by-product/tops&page-size=36&categoryId=ladies_tops&facets=clothingStyles:Non-padded Bra&filters=sale:false||oldSale:false&touchPoint=DESKTOP&skipStockCheck=false
Women,Western,Topwear,Tops & T-Shirts,ClothingStyles,Off-The-Shoulder,https://api.hm.com/search-services/v1/en_us/listing/resultpage?pageSource=PLP&page=2&sort=RELEVANCE&pageId=/ladies/shop-by-product/tops&page-size=36&categoryId=ladies_tops&facets=clothingStyles:Off-the-shoulder&filters=sale:false||oldSale:false&touchPoint=DESKTOP&skipStockCheck=false
Women,Western,Topwear,Tops & T-Shirts,ClothingStyles,One-Shoulder,https://api.hm.com/search-services/v1/en_us/listing/resultpage?pageSource=PLP&page=2&sort=RELEVANCE&pageId=/ladies/shop-by-product/tops&page-size=36&categoryId=ladies_tops&facets=clothingStyles:One-shoulder&filters=sale:false||oldSale:false&touchPoint=DESKTOP&skipStockCheck=false
Women,Western,Topwear,Tops & T-Shirts,ClothingStyles,Open Back,https://api.hm.com/search-services/v1/en_us/listing/resultpage?pageSource=PLP&page=2&sort=RELEVANCE&pageId=/ladies/shop-by-product/tops&page-size=36&categoryId=ladies_tops&facets=clothingStyles:Open Back&filters=sale:false||oldSale:false&touchPoint=DESKTOP&skipStockCheck=false
Women,Western,Topwear,Tops & T-Shirts,ClothingStyles,Padded Bra,https://api.hm.com/search-services/v1/en_us/listing/resultpage?pageSource=PLP&page=2&sort=RELEVANCE&pageId=/ladies/shop-by-product/tops&page-size=36&categoryId=ladies_tops&facets=clothingStyles:Padded Bra&filters=sale:false||oldSale:false&touchPoint=DESKTOP&skipStockCheck=false
Women,Western,Topwear,Tops & T-Shirts,ClothingStyles,Pencil Skirt,https://api.hm.com/search-services/v1/en_us/listing/resultpage?pageSource=PLP&page=2&sort=RELEVANCE&pageId=/ladies/shop-by-product/tops&page-size=36&categoryId=ladies_tops&facets=clothingStyles:Pencil Skirt&filters=sale:false||oldSale:false&touchPoint=DESKTOP&skipStockCheck=false
Women,Western,Topwear,Tops & T-Shirts,ClothingStyles,Peplum,https://api.hm.com/search-services/v1/en_us/listing/resultpage?pageSource=PLP&page=2&sort=RELEVANCE&pageId=/ladies/shop-by-product/tops&page-size=36&categoryId=ladies_tops&facets=clothingStyles:Peplum&filters=sale:false||oldSale:false&touchPoint=DESKTOP&skipStockCheck=false
Women,Western,Topwear,Tops & T-Shirts,ClothingStyles,Plunge Back,https://api.hm.com/search-services/v1/en_us/listing/resultpage?pageSource=PLP&page=2&sort=RELEVANCE&pageId=/ladies/shop-by-product/tops&page-size=36&categoryId=ladies_tops&facets=clothingStyles:Plunge Back&filters=sale:false||oldSale:false&touchPoint=DESKTOP&skipStockCheck=false
Women,Western,Topwear,Tops & T-Shirts,ClothingStyles,Polo Shirt,https://api.hm.com/search-services/v1/en_us/listing/resultpage?pageSource=PLP&page=2&sort=RELEVANCE&pageId=/ladies/shop-by-product/tops&page-size=36&categoryId=ladies_tops&facets=clothingStyles:Polo shirt&filters=sale:false||oldSale:false&touchPoint=DESKTOP&skipStockCheck=false
Women,Western,Topwear,Tops & T-Shirts,ClothingStyles,Racer Back,https://api.hm.com/search-services/v1/en_us/listing/resultpage?pageSource=PLP&page=2&sort=RELEVANCE&pageId=/ladies/shop-by-product/tops&page-size=36&categoryId=ladies_tops&facets=clothingStyles:Racer back&filters=sale:false||oldSale:false&touchPoint=DESKTOP&skipStockCheck=false
Women,Western,Topwear,Tops & T-Shirts,ClothingStyles,Rugby Shirt,https://api.hm.com/search-services/v1/en_us/listing/resultpage?pageSource=PLP&page=2&sort=RELEVANCE&pageId=/ladies/shop-by-product/tops&page-size=36&categoryId=ladies_tops&facets=clothingStyles:Rugby Shirt&filters=sale:false||oldSale:false&touchPoint=DESKTOP&skipStockCheck=false
Women,Western,Topwear,Tops & T-Shirts,ClothingStyles,Slit,https://api.hm.com/search-services/v1/en_us/listing/resultpage?pageSource=PLP&page=2&sort=RELEVANCE&pageId=/ladies/shop-by-product/tops&page-size=36&categoryId=ladies_tops&facets=clothingStyles:Slit&filters=sale:false||oldSale:false&touchPoint=DESKTOP&skipStockCheck=false
Women,Western,Topwear,Tops & T-Shirts,ClothingStyles,Smocked,https://api.hm.com/search-services/v1/en_us/listing/resultpage?pageSource=PLP&page=2&sort=RELEVANCE&pageId=/ladies/shop-by-product/tops&page-size=36&categoryId=ladies_tops&facets=clothingStyles:Smocked&filters=sale:false||oldSale:false&touchPoint=DESKTOP&skipStockCheck=false
Women,Western,Topwear,Tops & T-Shirts,ClothingStyles,Soft-Cup Bra,https://api.hm.com/search-services/v1/en_us/listing/resultpage?pageSource=PLP&page=2&sort=RELEVANCE&pageId=/ladies/shop-by-product/tops&page-size=36&categoryId=ladies_tops&facets=clothingStyles:Soft-cup Bra&filters=sale:false||oldSale:false&touchPoint=DESKTOP&skipStockCheck=false
Women,Western,Topwear,Tops & T-Shirts,ClothingStyles,Straight Leg,https://api.hm.com/search-services/v1/en_us/listing/resultpage?pageSource=PLP&page=2&sort=RELEVANCE&pageId=/ladies/shop-by-product/tops&page-size=36&categoryId=ladies_tops&facets=clothingStyles:Straight Leg&filters=sale:false||oldSale:false&touchPoint=DESKTOP&skipStockCheck=false
Women,Western,Topwear,Tops & T-Shirts,ClothingStyles,Strapless,https://api.hm.com/search-services/v1/en_us/listing/resultpage?pageSource=PLP&page=2&sort=RELEVANCE&pageId=/ladies/shop-by-product/tops&page-size=36&categoryId=ladies_tops&facets=clothingStyles:Strapless&filters=sale:false||oldSale:false&touchPoint=DESKTOP&skipStockCheck=false
Women,Western,Topwear,Tops & T-Shirts,ClothingStyles,Tank Top,https://api.hm.com/search-services/v1/en_us/listing/resultpage?pageSource=PLP&page=2&sort=RELEVANCE&pageId=/ladies/shop-by-product/tops&page-size=36&categoryId=ladies_tops&facets=clothingStyles:Tank Top&filters=sale:false||oldSale:false&touchPoint=DESKTOP&skipStockCheck=false
Women,Western,Topwear,Tops & T-Shirts,ClothingStyles,Thong,https://api.hm.com/search-services/v1/en_us/listing/resultpage?pageSource=PLP&page=2&sort=RELEVANCE&pageId=/ladies/shop-by-product/tops&page-size=36&categoryId=ladies_tops&facets=clothingStyles:Thong&filters=sale:false||oldSale:false&touchPoint=DESKTOP&skipStockCheck=false
Women,Western,Topwear,Tops & T-Shirts,ClothingStyles,Tie-Front,https://api.hm.com/search-services/v1/en_us/listing/resultpage?pageSource=PLP&page=2&sort=RELEVANCE&pageId=/ladies/shop-by-product/tops&page-size=36&categoryId=ladies_tops&facets=clothingStyles:Tie-front&filters=sale:false||oldSale:false&touchPoint=DESKTOP&skipStockCheck=false
Women,Western,Topwear,Tops & T-Shirts,ClothingStyles,Track Jacket,https://api.hm.com/search-services/v1/en_us/listing/resultpage?pageSource=PLP&page=2&sort=RELEVANCE&pageId=/ladies/shop-by-product/tops&page-size=36&categoryId=ladies_tops&facets=clothingStyles:Track Jacket&filters=sale:false||oldSale:false&touchPoint=DESKTOP&skipStockCheck=false
Women,Western,Topwear,Tops & T-Shirts,ClothingStyles,Tube Top,https://api.hm.com/search-services/v1/en_us/listing/resultpage?pageSource=PLP&page=2&sort=RELEVANCE&pageId=/ladies/shop-by-product/tops&page-size=36&categoryId=ladies_tops&facets=clothingStyles:Tube Top&filters=sale:false||oldSale:false&touchPoint=DESKTOP&skipStockCheck=false
Women,Western,Topwear,Tops & T-Shirts,ClothingStyles,Underwire Bra,https://api.hm.com/search-services/v1/en_us/listing/resultpage?pageSource=PLP&page=2&sort=RELEVANCE&pageId=/ladies/shop-by-product/tops&page-size=36&categoryId=ladies_tops&facets=clothingStyles:Underwire Bra&filters=sale:false||oldSale:false&touchPoint=DESKTOP&skipStockCheck=false
Women,Western,Topwear,Tops & T-Shirts,ClothingStyles,Wrapover,https://api.hm.com/search-services/v1/en_us/listing/resultpage?pageSource=PLP&page=2&sort=RELEVANCE&pageId=/ladies/shop-by-product/tops&page-size=36&categoryId=ladies_tops&facets=clothingStyles:Wrapover&filters=sale:false||oldSale:false&touchPoint=DESKTOP&skipStockCheck=false
Women,Western,Topwear,Tops & T-Shirts,Materials,Cashmere,https://api.hm.com/search-services/v1/en_us/listing/resultpage?pageSource=PLP&page=2&sort=RELEVANCE&pageId=/ladies/shop-by-product/tops&page-size=36&categoryId=ladies_tops&facets=materials:Cashmere&filters=sale:false||oldSale:false&touchPoint=DESKTOP&skipStockCheck=false
Women,Western,Topwear,Tops & T-Shirts,Materials,Chiffon,https://api.hm.com/search-services/v1/en_us/listing/resultpage?pageSource=PLP&page=2&sort=RELEVANCE&pageId=/ladies/shop-by-product/tops&page-size=36&categoryId=ladies_tops&facets=materials:Chiffon&filters=sale:false||oldSale:false&touchPoint=DESKTOP&skipStockCheck=false
Women,Western,Topwear,Tops & T-Shirts,Materials,Cotton,https://api.hm.com/search-services/v1/en_us/listing/resultpage?pageSource=PLP&page=2&sort=RELEVANCE&pageId=/ladies/shop-by-product/tops&page-size=36&categoryId=ladies_tops&facets=materials:Cotton&filters=sale:false||oldSale:false&touchPoint=DESKTOP&skipStockCheck=false
Women,Western,Topwear,Tops & T-Shirts,Materials,Crepe,https://api.hm.com/search-services/v1/en_us/listing/resultpage?pageSource=PLP&page=2&sort=RELEVANCE&pageId=/ladies/shop-by-product/tops&page-size=36&categoryId=ladies_tops&facets=materials:Crepe&filters=sale:false||oldSale:false&touchPoint=DESKTOP&skipStockCheck=false
Women,Western,Topwear,Tops & T-Shirts,Materials,Denim,https://api.hm.com/search-services/v1/en_us/listing/resultpage?pageSource=PLP&page=2&sort=RELEVANCE&pageId=/ladies/shop-by-product/tops&page-size=36&categoryId=ladies_tops&facets=materials:Denim&filters=sale:false||oldSale:false&touchPoint=DESKTOP&skipStockCheck=false
Women,Western,Topwear,Tops & T-Shirts,Materials,Fleece,https://api.hm.com/search-services/v1/en_us/listing/resultpage?pageSource=PLP&page=2&sort=RELEVANCE&pageId=/ladies/shop-by-product/tops&page-size=36&categoryId=ladies_tops&facets=materials:Fleece&filters=sale:false||oldSale:false&touchPoint=DESKTOP&skipStockCheck=false
Women,Western,Topwear,Tops & T-Shirts,Materials,Jersey,https://api.hm.com/search-services/v1/en_us/listing/resultpage?pageSource=PLP&page=2&sort=RELEVANCE&pageId=/ladies/shop-by-product/tops&page-size=36&categoryId=ladies_tops&facets=materials:Jersey&filters=sale:false||oldSale:false&touchPoint=DESKTOP&skipStockCheck=false
Women,Western,Topwear,Tops & T-Shirts,Materials,Lace,https://api.hm.com/search-services/v1/en_us/listing/resultpage?pageSource=PLP&page=2&sort=RELEVANCE&pageId=/ladies/shop-by-product/tops&page-size=36&categoryId=ladies_tops&facets=materials:Lace&filters=sale:false||oldSale:false&touchPoint=DESKTOP&skipStockCheck=false
Women,Western,Topwear,Tops & T-Shirts,Materials,Linen,https://api.hm.com/search-services/v1/en_us/listing/resultpage?pageSource=PLP&page=2&sort=RELEVANCE&pageId=/ladies/shop-by-product/tops&page-size=36&categoryId=ladies_tops&facets=materials:Linen&filters=sale:false||oldSale:false&touchPoint=DESKTOP&skipStockCheck=false
Women,Western,Topwear,Tops & T-Shirts,Materials,Mesh,https://api.hm.com/search-services/v1/en_us/listing/resultpage?pageSource=PLP&page=2&sort=RELEVANCE&pageId=/ladies/shop-by-product/tops&page-size=36&categoryId=ladies_tops&facets=materials:Mesh&filters=sale:false||oldSale:false&touchPoint=DESKTOP&skipStockCheck=false
Women,Western,Topwear,Tops & T-Shirts,Materials,Microfiber,https://api.hm.com/search-services/v1/en_us/listing/resultpage?pageSource=PLP&page=2&sort=RELEVANCE&pageId=/ladies/shop-by-product/tops&page-size=36&categoryId=ladies_tops&facets=materials:Microfiber&filters=sale:false||oldSale:false&touchPoint=DESKTOP&skipStockCheck=false
Women,Western,Topwear,Tops & T-Shirts,Materials,Pique,https://api.hm.com/search-services/v1/en_us/listing/resultpage?pageSource=PLP&page=2&sort=RELEVANCE&pageId=/ladies/shop-by-product/tops&page-size=36&categoryId=ladies_tops&facets=materials:Pique&filters=sale:false||oldSale:false&touchPoint=DESKTOP&skipStockCheck=false
Women,Western,Topwear,Tops & T-Shirts,Materials,Polyurethane Material,https://api.hm.com/search-services/v1/en_us/listing/resultpage?pageSource=PLP&page=2&sort=RELEVANCE&pageId=/ladies/shop-by-product/tops&page-size=36&categoryId=ladies_tops&facets=materials:Polyurethane Material&filters=sale:false||oldSale:false&touchPoint=DESKTOP&skipStockCheck=false
Women,Western,Topwear,Tops & T-Shirts,Materials,Poplin,https://api.hm.com/search-services/v1/en_us/listing/resultpage?pageSource=PLP&page=2&sort=RELEVANCE&pageId=/ladies/shop-by-product/tops&page-size=36&categoryId=ladies_tops&facets=materials:Poplin&filters=sale:false||oldSale:false&touchPoint=DESKTOP&skipStockCheck=false
Women,Western,Topwear,Tops & T-Shirts,Materials,Rayon,https://api.hm.com/search-services/v1/en_us/listing/resultpage?pageSource=PLP&page=2&sort=RELEVANCE&pageId=/ladies/shop-by-product/tops&page-size=36&categoryId=ladies_tops&facets=materials:Rayon&filters=sale:false||oldSale:false&touchPoint=DESKTOP&skipStockCheck=false
Women,Western,Topwear,Tops & T-Shirts,Materials,Satin,https://api.hm.com/search-services/v1/en_us/listing/resultpage?pageSource=PLP&page=2&sort=RELEVANCE&pageId=/ladies/shop-by-product/tops&page-size=36&categoryId=ladies_tops&facets=materials:Satin&filters=sale:false||oldSale:false&touchPoint=DESKTOP&skipStockCheck=false
Women,Western,Topwear,Tops & T-Shirts,Materials,Scuba,https://api.hm.com/search-services/v1/en_us/listing/resultpage?pageSource=PLP&page=2&sort=RELEVANCE&pageId=/ladies/shop-by-product/tops&page-size=36&categoryId=ladies_tops&facets=materials:Scuba&filters=sale:false||oldSale:false&touchPoint=DESKTOP&skipStockCheck=false
Women,Western,Topwear,Tops & T-Shirts,Materials,Silk,https://api.hm.com/search-services/v1/en_us/listing/resultpage?pageSource=PLP&page=2&sort=RELEVANCE&pageId=/ladies/shop-by-product/tops&page-size=36&categoryId=ladies_tops&facets=materials:Silk&filters=sale:false||oldSale:false&touchPoint=DESKTOP&skipStockCheck=false
Women,Western,Topwear,Tops & T-Shirts,Materials,Teddy,https://api.hm.com/search-services/v1/en_us/listing/resultpage?pageSource=PLP&page=2&sort=RELEVANCE&pageId=/ladies/shop-by-product/tops&page-size=36&categoryId=ladies_tops&facets=materials:Teddy&filters=sale:false||oldSale:false&touchPoint=DESKTOP&skipStockCheck=false
Women,Western,Topwear,Tops & T-Shirts,Materials,Tulle,https://api.hm.com/search-services/v1/en_us/listing/resultpage?pageSource=PLP&page=2&sort=RELEVANCE&pageId=/ladies/shop-by-product/tops&page-size=36&categoryId=ladies_tops&facets=materials:Tulle&filters=sale:false||oldSale:false&touchPoint=DESKTOP&skipStockCheck=false
Women,Western,Topwear,Tops & T-Shirts,Materials,Twill,https://api.hm.com/search-services/v1/en_us/listing/resultpage?pageSource=PLP&page=2&sort=RELEVANCE&pageId=/ladies/shop-by-product/tops&page-size=36&categoryId=ladies_tops&facets=materials:Twill&filters=sale:false||oldSale:false&touchPoint=DESKTOP&skipStockCheck=false
Women,Western,Topwear,Tops & T-Shirts,Materials,Velour,https://api.hm.com/search-services/v1/en_us/listing/resultpage?pageSource=PLP&page=2&sort=RELEVANCE&pageId=/ladies/shop-by-product/tops&page-size=36&categoryId=ladies_tops&facets=materials:Velour&filters=sale:false||oldSale:false&touchPoint=DESKTOP&skipStockCheck=false
Women,Western,Topwear,Tops & T-Shirts,Materials,Wool,https://api.hm.com/search-services/v1/en_us/listing/resultpage?pageSource=PLP&page=2&sort=RELEVANCE&pageId=/ladies/shop-by-product/tops&page-size=36&categoryId=ladies_tops&facets=materials:Wool&filters=sale:false||oldSale:false&touchPoint=DESKTOP&skipStockCheck=false
Women,Western,Topwear,Tops & T-Shirts,Patterns,Color-Block,https://api.hm.com/search-services/v1/en_us/listing/resultpage?pageSource=PLP&page=2&sort=RELEVANCE&pageId=/ladies/shop-by-product/tops&page-size=36&categoryId=ladies_tops&facets=patterns:Color-block&filters=sale:false||oldSale:false&touchPoint=DESKTOP&skipStockCheck=false
Women,Western,Topwear,Tops & T-Shirts,Patterns,Floral,https://api.hm.com/search-services/v1/en_us/listing/resultpage?pageSource=PLP&page=2&sort=RELEVANCE&pageId=/ladies/shop-by-product/tops&page-size=36&categoryId=ladies_tops&facets=patterns:Floral&filters=sale:false||oldSale:false&touchPoint=DESKTOP&skipStockCheck=false
Women,Western,Topwear,Tops & T-Shirts,Patterns,Leopard-Print,https://api.hm.com/search-services/v1/en_us/listing/resultpage?pageSource=PLP&page=2&sort=RELEVANCE&pageId=/ladies/shop-by-product/tops&page-size=36&categoryId=ladies_tops&facets=patterns:Leopard-print&filters=sale:false||oldSale:false&touchPoint=DESKTOP&skipStockCheck=false
Women,Western,Topwear,Tops & T-Shirts,Patterns,Patterned,https://api.hm.com/search-services/v1/en_us/listing/resultpage?pageSource=PLP&page=2&sort=RELEVANCE&pageId=/ladies/shop-by-product/tops&page-size=36&categoryId=ladies_tops&facets=patterns:Patterned&filters=sale:false||oldSale:false&touchPoint=DESKTOP&skipStockCheck=false
Women,Western,Topwear,Tops & T-Shirts,Patterns,Snakeskin-Patterned,https://api.hm.com/search-services/v1/en_us/listing/resultpage?pageSource=PLP&page=2&sort=RELEVANCE&pageId=/ladies/shop-by-product/tops&page-size=36&categoryId=ladies_tops&facets=patterns:Snakeskin-patterned&filters=sale:false||oldSale:false&touchPoint=DESKTOP&skipStockCheck=false
Women,Western,Topwear,Tops & T-Shirts,Patterns,Solid-Color,https://api.hm.com/search-services/v1/en_us/listing/resultpage?pageSource=PLP&page=2&sort=RELEVANCE&pageId=/ladies/shop-by-product/tops&page-size=36&categoryId=ladies_tops&facets=patterns:Solid-color&filters=sale:false||oldSale:false&touchPoint=DESKTOP&skipStockCheck=false
Women,Western,Topwear,Tops & T-Shirts,Patterns,Striped,https://api.hm.com/search-services/v1/en_us/listing/resultpage?pageSource=PLP&page=2&sort=RELEVANCE&pageId=/ladies/shop-by-product/tops&page-size=36&categoryId=ladies_tops&facets=patterns:Striped&filters=sale:false||oldSale:false&touchPoint=DESKTOP&skipStockCheck=false
Women,Western,Topwear,Tops & T-Shirts,Patterns,Zebra-Print,https://api.hm.com/search-services/v1/en_us/listing/resultpage?pageSource=PLP&page=2&sort=RELEVANCE&pageId=/ladies/shop-by-product/tops&page-size=36&categoryId=ladies_tops&facets=patterns:Zebra-print&filters=sale:false||oldSale:false&touchPoint=DESKTOP&skipStockCheck=false
Women,Western,Topwear,Tops & T-Shirts,NecklineStyles,Asymmetric Neckline,https://api.hm.com/search-services/v1/en_us/listing/resultpage?pageSource=PLP&page=2&sort=RELEVANCE&pageId=/ladies/shop-by-product/tops&page-size=36&categoryId=ladies_tops&facets=necklineStyles:Asymmetric Neckline&filters=sale:false||oldSale:false&touchPoint=DESKTOP&skipStockCheck=false
Women,Western,Topwear,Tops & T-Shirts,NecklineStyles,Ballerina Neckline,https://api.hm.com/search-services/v1/en_us/listing/resultpage?pageSource=PLP&page=2&sort=RELEVANCE&pageId=/ladies/shop-by-product/tops&page-size=36&categoryId=ladies_tops&facets=necklineStyles:Ballerina Neckline&filters=sale:false||oldSale:false&touchPoint=DESKTOP&skipStockCheck=false
Women,Western,Topwear,Tops & T-Shirts,NecklineStyles,Boat Neck,https://api.hm.com/search-services/v1/en_us/listing/resultpage?pageSource=PLP&page=2&sort=RELEVANCE&pageId=/ladies/shop-by-product/tops&page-size=36&categoryId=ladies_tops&facets=necklineStyles:Boat Neck&filters=sale:false||oldSale:false&touchPoint=DESKTOP&skipStockCheck=false
Women,Western,Topwear,Tops & T-Shirts,NecklineStyles,Cowl Neck,https://api.hm.com/search-services/v1/en_us/listing/resultpage?pageSource=PLP&page=2&sort=RELEVANCE&pageId=/ladies/shop-by-product/tops&page-size=36&categoryId=ladies_tops&facets=necklineStyles:Cowl Neck&filters=sale:false||oldSale:false&touchPoint=DESKTOP&skipStockCheck=false
Women,Western,Topwear,Tops & T-Shirts,NecklineStyles,Crew-Neck,https://api.hm.com/search-services/v1/en_us/listing/resultpage?pageSource=PLP&page=2&sort=RELEVANCE&pageId=/ladies/shop-by-product/tops&page-size=36&categoryId=ladies_tops&facets=necklineStyles:Crew-neck&filters=sale:false||oldSale:false&touchPoint=DESKTOP&skipStockCheck=false
Women,Western,Topwear,Tops & T-Shirts,NecklineStyles,Halterneck,https://api.hm.com/search-services/v1/en_us/listing/resultpage?pageSource=PLP&page=2&sort=RELEVANCE&pageId=/ladies/shop-by-product/tops&page-size=36&categoryId=ladies_tops&facets=necklineStyles:Halterneck&filters=sale:false||oldSale:false&touchPoint=DESKTOP&skipStockCheck=false
Women,Western,Topwear,Tops & T-Shirts,NecklineStyles,Low-Cut Neckline,https://api.hm.com/search-services/v1/en_us/listing/resultpage?pageSource=PLP&page=2&sort=RELEVANCE&pageId=/ladies/shop-by-product/tops&page-size=36&categoryId=ladies_tops&facets=necklineStyles:Low-cut Neckline&filters=sale:false||oldSale:false&touchPoint=DESKTOP&skipStockCheck=false
Women,Western,Topwear,Tops & T-Shirts,NecklineStyles,Mock Turtleneck,https://api.hm.com/search-services/v1/en_us/listing/resultpage?pageSource=PLP&page=2&sort=RELEVANCE&pageId=/ladies/shop-by-product/tops&page-size=36&categoryId=ladies_tops&facets=necklineStyles:Mock Turtleneck&filters=sale:false||oldSale:false&touchPoint=DESKTOP&skipStockCheck=false
Women,Western,Topwear,Tops & T-Shirts,NecklineStyles,Plunge Neckline,https://api.hm.com/search-services/v1/en_us/listing/resultpage?pageSource=PLP&page=2&sort=RELEVANCE&pageId=/ladies/shop-by-product/tops&page-size=36&categoryId=ladies_tops&facets=necklineStyles:Plunge Neckline&filters=sale:false||oldSale:false&touchPoint=DESKTOP&skipStockCheck=false
Women,Western,Topwear,Tops & T-Shirts,NecklineStyles,Round Neck,https://api.hm.com/search-services/v1/en_us/listing/resultpage?pageSource=PLP&page=2&sort=RELEVANCE&pageId=/ladies/shop-by-product/tops&page-size=36&categoryId=ladies_tops&facets=necklineStyles:Round Neck&filters=sale:false||oldSale:false&touchPoint=DESKTOP&skipStockCheck=false
Women,Western,Topwear,Tops & T-Shirts,NecklineStyles,Square Neckline,https://api.hm.com/search-services/v1/en_us/listing/resultpage?pageSource=PLP&page=2&sort=RELEVANCE&pageId=/ladies/shop-by-product/tops&page-size=36&categoryId=ladies_tops&facets=necklineStyles:Square Neckline&filters=sale:false||oldSale:false&touchPoint=DESKTOP&skipStockCheck=false
Women,Western,Topwear,Tops & T-Shirts,NecklineStyles,Sweetheart Neckline,https://api.hm.com/search-services/v1/en_us/listing/resultpage?pageSource=PLP&page=2&sort=RELEVANCE&pageId=/ladies/shop-by-product/tops&page-size=36&categoryId=ladies_tops&facets=necklineStyles:Sweetheart Neckline&filters=sale:false||oldSale:false&touchPoint=DESKTOP&skipStockCheck=false
Women,Western,Topwear,Tops & T-Shirts,NecklineStyles,Turtleneck,https://api.hm.com/search-services/v1/en_us/listing/resultpage?pageSource=PLP&page=2&sort=RELEVANCE&pageId=/ladies/shop-by-product/tops&page-size=36&categoryId=ladies_tops&facets=necklineStyles:Turtleneck&filters=sale:false||oldSale:false&touchPoint=DESKTOP&skipStockCheck=false
Women,Western,Topwear,Tops & T-Shirts,NecklineStyles,V-Neck,https://api.hm.com/search-services/v1/en_us/listing/resultpage?pageSource=PLP&page=2&sort=RELEVANCE&pageId=/ladies/shop-by-product/tops&page-size=36&categoryId=ladies_tops&facets=necklineStyles:V-neck&filters=sale:false||oldSale:false&touchPoint=DESKTOP&skipStockCheck=false
Women,Western,Topwear,Tops & T-Shirts,Brand,H&M,https://api.hm.com/search-services/v1/en_us/listing/resultpage?pageSource=PLP&page=2&sort=RELEVANCE&pageId=/ladies/shop-by-product/tops&page-size=36&categoryId=ladies_tops&facets=brandNames:H&M&filters=sale:false||oldSale:false&touchPoint=DESKTOP&skipStockCheck=false
Women,Western,Topwear,Tops & T-Shirts,Functions,Breathable,https://api.hm.com/search-services/v1/en_us/listing/resultpage?pageSource=PLP&page=2&sort=RELEVANCE&pageId=/ladies/shop-by-product/tops&page-size=36&categoryId=ladies_tops&facets=functions:Breathable&filters=sale:false||oldSale:false&touchPoint=DESKTOP&skipStockCheck=false
Women,Western,Topwear,Tops & T-Shirts,Functions,Moisture Wicking,https://api.hm.com/search-services/v1/en_us/listing/resultpage?pageSource=PLP&page=2&sort=RELEVANCE&pageId=/ladies/shop-by-product/tops&page-size=36&categoryId=ladies_tops&facets=functions:Moisture wicking&filters=sale:false||oldSale:false&touchPoint=DESKTOP&skipStockCheck=false
Women,Western,Topwear,Tops & T-Shirts,Functions,Quick Dry,https://api.hm.com/search-services/v1/en_us/listing/resultpage?pageSource=PLP&page=2&sort=RELEVANCE&pageId=/ladies/shop-by-product/tops&page-size=36&categoryId=ladies_tops&facets=functions:Quick dry&filters=sale:false||oldSale:false&touchPoint=DESKTOP&skipStockCheck=false
Women,Western,Topwear,Tops & T-Shirts,Functions,Reflective Details,https://api.hm.com/search-services/v1/en_us/listing/resultpage?pageSource=PLP&page=2&sort=RELEVANCE&pageId=/ladies/shop-by-product/tops&page-size=36&categoryId=ladies_tops&facets=functions:Reflective details&filters=sale:false||oldSale:false&touchPoint=DESKTOP&skipStockCheck=false
Women,Western,Topwear,Tops & T-Shirts,Fits,Loose Fit,https://api.hm.com/search-services/v1/en_us/listing/resultpage?pageSource=PLP&page=2&sort=RELEVANCE&pageId=/ladies/shop-by-product/tops&page-size=36&categoryId=ladies_tops&facets=fits:Loose fit&filters=sale:false||oldSale:false&touchPoint=DESKTOP&skipStockCheck=false
Women,Western,Topwear,Tops & T-Shirts,Fits,Muscle Fit,https://api.hm.com/search-services/v1/en_us/listing/resultpage?pageSource=PLP&page=2&sort=RELEVANCE&pageId=/ladies/shop-by-product/tops&page-size=36&categoryId=ladies_tops&facets=fits:Muscle fit&filters=sale:false||oldSale:false&touchPoint=DESKTOP&skipStockCheck=false
Women,Western,Topwear,Tops & T-Shirts,Fits,Oversized,https://api.hm.com/search-services/v1/en_us/listing/resultpage?pageSource=PLP&page=2&sort=RELEVANCE&pageId=/ladies/shop-by-product/tops&page-size=36&categoryId=ladies_tops&facets=fits:Oversized&filters=sale:false||oldSale:false&touchPoint=DESKTOP&skipStockCheck=false
Women,Western,Topwear,Tops & T-Shirts,Fits,Regular Fit,https://api.hm.com/search-services/v1/en_us/listing/resultpage?pageSource=PLP&page=2&sort=RELEVANCE&pageId=/ladies/shop-by-product/tops&page-size=36&categoryId=ladies_tops&facets=fits:Regular fit&filters=sale:false||oldSale:false&touchPoint=DESKTOP&skipStockCheck=false
Women,Western,Topwear,Tops & T-Shirts,Fits,Relaxed Fit,https://api.hm.com/search-services/v1/en_us/listing/resultpage?pageSource=PLP&page=2&sort=RELEVANCE&pageId=/ladies/shop-by-product/tops&page-size=36&categoryId=ladies_tops&facets=fits:Relaxed fit&filters=sale:false||oldSale:false&touchPoint=DESKTOP&skipStockCheck=false
Women,Western,Topwear,Tops & T-Shirts,Fits,Slim Fit,https://api.hm.com/search-services/v1/en_us/listing/resultpage?pageSource=PLP&page=2&sort=RELEVANCE&pageId=/ladies/shop-by-product/tops&page-size=36&categoryId=ladies_tops&facets=fits:Slim fit&filters=sale:false||oldSale:false&touchPoint=DESKTOP&skipStockCheck=false
Women,Western,Topwear,Tops & T-Shirts,WaistRises,High Waist,https://api.hm.com/search-services/v1/en_us/listing/resultpage?pageSource=PLP&page=2&sort=RELEVANCE&pageId=/ladies/shop-by-product/tops&page-size=36&categoryId=ladies_tops&facets=waistRises:High waist&filters=sale:false||oldSale:false&touchPoint=DESKTOP&skipStockCheck=false
Women,Western,Topwear,Tops & T-Shirts,ProductTypes,Bodysuit,https://api.hm.com/search-services/v1/en_us/listing/resultpage?pageSource=PLP&page=2&sort=RELEVANCE&pageId=/ladies/shop-by-product/tops&page-size=36&categoryId=ladies_tops&facets=productTypes:Bodysuit&filters=sale:false||oldSale:false&touchPoint=DESKTOP&skipStockCheck=false
Women,Western,Topwear,Tops & T-Shirts,ProductTypes,Bustier,https://api.hm.com/search-services/v1/en_us/listing/resultpage?pageSource=PLP&page=2&sort=RELEVANCE&pageId=/ladies/shop-by-product/tops&page-size=36&categoryId=ladies_tops&facets=productTypes:Bustier&filters=sale:false||oldSale:false&touchPoint=DESKTOP&skipStockCheck=false
Women,Western,Topwear,Tops & T-Shirts,ProductTypes,Dress,https://api.hm.com/search-services/v1/en_us/listing/resultpage?pageSource=PLP&page=2&sort=RELEVANCE&pageId=/ladies/shop-by-product/tops&page-size=36&categoryId=ladies_tops&facets=productTypes:Dress&filters=sale:false||oldSale:false&touchPoint=DESKTOP&skipStockCheck=false
Women,Western,Topwear,Tops & T-Shirts,ProductTypes,Jacket,https://api.hm.com/search-services/v1/en_us/listing/resultpage?pageSource=PLP&page=2&sort=RELEVANCE&pageId=/ladies/shop-by-product/tops&page-size=36&categoryId=ladies_tops&facets=productTypes:Jacket&filters=sale:false||oldSale:false&touchPoint=DESKTOP&skipStockCheck=false
Women,Western,Topwear,Tops & T-Shirts,ProductTypes,Pants,https://api.hm.com/search-services/v1/en_us/listing/resultpage?pageSource=PLP&page=2&sort=RELEVANCE&pageId=/ladies/shop-by-product/tops&page-size=36&categoryId=ladies_tops&facets=productTypes:Pants&filters=sale:false||oldSale:false&touchPoint=DESKTOP&skipStockCheck=false
Women,Western,Topwear,Tops & T-Shirts,ProductTypes,Shirt,https://api.hm.com/search-services/v1/en_us/listing/resultpage?pageSource=PLP&page=2&sort=RELEVANCE&pageId=/ladies/shop-by-product/tops&page-size=36&categoryId=ladies_tops&facets=productTypes:Shirt&filters=sale:false||oldSale:false&touchPoint=DESKTOP&skipStockCheck=false
Women,Western,Topwear,Tops & T-Shirts,ProductTypes,Skirt,https://api.hm.com/search-services/v1/en_us/listing/resultpage?pageSource=PLP&page=2&sort=RELEVANCE&pageId=/ladies/shop-by-product/tops&page-size=36&categoryId=ladies_tops&facets=productTypes:Skirt&filters=sale:false||oldSale:false&touchPoint=DESKTOP&skipStockCheck=false
Women,Western,Topwear,Tops & T-Shirts,ProductTypes,T-Shirt,https://api.hm.com/search-services/v1/en_us/listing/resultpage?pageSource=PLP&page=2&sort=RELEVANCE&pageId=/ladies/shop-by-product/tops&page-size=36&categoryId=ladies_tops&facets=productTypes:T-shirt&filters=sale:false||oldSale:false&touchPoint=DESKTOP&skipStockCheck=false
Women,Western,Topwear,Tops & T-Shirts,ProductTypes,Top,https://api.hm.com/search-services/v1/en_us/listing/resultpage?pageSource=PLP&page=2&sort=RELEVANCE&pageId=/ladies/shop-by-product/tops&page-size=36&categoryId=ladies_tops&facets=productTypes:Top&filters=sale:false||oldSale:false&touchPoint=DESKTOP&skipStockCheck=false
Women,Western,Topwear,Tops & T-Shirts,ProductTypes,Vest,https://api.hm.com/search-services/v1/en_us/listing/resultpage?pageSource=PLP&page=2&sort=RELEVANCE&pageId=/ladies/shop-by-product/tops&page-size=36&categoryId=ladies_tops&facets=productTypes:Vest&filters=sale:false||oldSale:false&touchPoint=DESKTOP&skipStockCheck=false
Women,Western,Topwear,Tops & T-Shirts,CustomerGroups,Woman,https://api.hm.com/search-services/v1/en_us/listing/resultpage?pageSource=PLP&page=2&sort=RELEVANCE&pageId=/ladies/shop-by-product/tops&page-size=36&categoryId=ladies_tops&facets=customerGroups:Woman&filters=sale:false||oldSale:false&touchPoint=DESKTOP&skipStockCheck=false
Women,Western,Topwear,Tops & T-Shirts,Qualities,H&M Premium Selection,https://api.hm.com/search-services/v1/en_us/listing/resultpage?pageSource=PLP&page=2&sort=RELEVANCE&pageId=/ladies/shop-by-product/tops&page-size=36&categoryId=ladies_tops&facets=qualities:H&M Premium Selection&filters=sale:false||oldSale:false&touchPoint=DESKTOP&skipStockCheck=false
Women,Western,Topwear,Tops & T-Shirts,Occasions,Christmas,https://api.hm.com/search-services/v1/en_us/listing/resultpage?pageSource=PLP&page=2&sort=RELEVANCE&pageId=/ladies/shop-by-product/tops&page-size=36&categoryId=ladies_tops&facets=occasions:Christmas&filters=sale:false||oldSale:false&touchPoint=DESKTOP&skipStockCheck=false
Women,Western,Topwear,Tops & T-Shirts,Occasions,New Year'S Eve,https://api.hm.com/search-services/v1/en_us/listing/resultpage?pageSource=PLP&page=2&sort=RELEVANCE&pageId=/ladies/shop-by-product/tops&page-size=36&categoryId=ladies_tops&facets=occasions:New Year's Eve&filters=sale:false||oldSale:false&touchPoint=DESKTOP&skipStockCheck=false
Women,Western,Topwear,Tops & T-Shirts,AssortmentTypes,Clothing,https://api.hm.com/search-services/v1/en_us/listing/resultpage?pageSource=PLP&page=2&sort=RELEVANCE&pageId=/ladies/shop-by-product/tops&page-size=36&categoryId=ladies_tops&facets=assortmentTypes:Clothing&filters=sale:false||oldSale:false&touchPoint=DESKTOP&skipStockCheck=false
Women,Western,Topwear,Tops & T-Shirts,AgeGroups,Adult,https://api.hm.com/search-services/v1/en_us/listing/resultpage?pageSource=PLP&page=2&sort=RELEVANCE&pageId=/ladies/shop-by-product/tops&page-size=36&categoryId=ladies_tops&facets=ageGroups:Adult&filters=sale:false||oldSale:false&touchPoint=DESKTOP&skipStockCheck=false
Women,Western,Topwear,Tops & T-Shirts,Concepts,Basics,https://api.hm.com/search-services/v1/en_us/listing/resultpage?pageSource=PLP&page=2&sort=RELEVANCE&pageId=/ladies/shop-by-product/tops&page-size=36&categoryId=ladies_tops&facets=concepts:BASICS&filters=sale:false||oldSale:false&touchPoint=DESKTOP&skipStockCheck=false
Women,Western,Topwear,Tops & T-Shirts,Concepts,Divided,https://api.hm.com/search-services/v1/en_us/listing/resultpage?pageSource=PLP&page=2&sort=RELEVANCE&pageId=/ladies/shop-by-product/tops&page-size=36&categoryId=ladies_tops&facets=concepts:DIVIDED&filters=sale:false||oldSale:false&touchPoint=DESKTOP&skipStockCheck=false
Women,Western,Topwear,Tops & T-Shirts,Concepts,Everyday Fashion,https://api.hm.com/search-services/v1/en_us/listing/resultpage?pageSource=PLP&page=2&sort=RELEVANCE&pageId=/ladies/shop-by-product/tops&page-size=36&categoryId=ladies_tops&facets=concepts:EVERYDAY FASHION&filters=sale:false||oldSale:false&touchPoint=DESKTOP&skipStockCheck=false
Women,Western,Topwear,Tops & T-Shirts,Concepts,H&M Edition,https://api.hm.com/search-services/v1/en_us/listing/resultpage?pageSource=PLP&page=2&sort=RELEVANCE&pageId=/ladies/shop-by-product/tops&page-size=36&categoryId=ladies_tops&facets=concepts:H&M EDITION&filters=sale:false||oldSale:false&touchPoint=DESKTOP&skipStockCheck=false
Women,Western,Topwear,Tops & T-Shirts,Concepts,H&M Move,https://api.hm.com/search-services/v1/en_us/listing/resultpage?pageSource=PLP&page=2&sort=RELEVANCE&pageId=/ladies/shop-by-product/tops&page-size=36&categoryId=ladies_tops&facets=concepts:H&M Move&filters=sale:false||oldSale:false&touchPoint=DESKTOP&skipStockCheck=false
Women,Western,Topwear,Tops & T-Shirts,Concepts,H&M+,https://api.hm.com/search-services/v1/en_us/listing/resultpage?pageSource=PLP&page=2&sort=RELEVANCE&pageId=/ladies/shop-by-product/tops&page-size=36&categoryId=ladies_tops&facets=concepts:H&M+&filters=sale:false||oldSale:false&touchPoint=DESKTOP&skipStockCheck=false
Women,Western,Topwear,Tops & T-Shirts,Concepts,Mama,https://api.hm.com/search-services/v1/en_us/listing/resultpage?pageSource=PLP&page=2&sort=RELEVANCE&pageId=/ladies/shop-by-product/tops&page-size=36&categoryId=ladies_tops&facets=concepts:MAMA&filters=sale:false||oldSale:false&touchPoint=DESKTOP&skipStockCheck=false
Women,Western,Topwear,Tops & T-Shirts,Collection,H&M Studio Collection,https://api.hm.com/search-services/v1/en_us/listing/resultpage?pageSource=PLP&page=2&sort=RELEVANCE&pageId=/ladies/shop-by-product/tops&page-size=36&categoryId=ladies_tops&facets=collection:H&M Studio Collection&filters=sale:false||oldSale:false&touchPoint=DESKTOP&skipStockCheck=false
Women,Western,Topwear,Tops & T-Shirts,Collection,H&M X Wicked,https://api.hm.com/search-services/v1/en_us/listing/resultpage?pageSource=PLP&page=2&sort=RELEVANCE&pageId=/ladies/shop-by-product/tops&page-size=36&categoryId=ladies_tops&facets=collection:H&M x Wicked&filters=sale:false||oldSale:false&touchPoint=DESKTOP&skipStockCheck=false
Women,Western,Topwear,Tops & T-Shirts,Trendings,Animal Pattern,https://api.hm.com/search-services/v1/en_us/listing/resultpage?pageSource=PLP&page=2&sort=RELEVANCE&pageId=/ladies/shop-by-product/tops&page-size=36&categoryId=ladies_tops&facets=trendings:Animal pattern&filters=sale:false||oldSale:false&touchPoint=DESKTOP&skipStockCheck=false
Women,Western,Topwear,Tops & T-Shirts,Trendings,Bohemian,https://api.hm.com/search-services/v1/en_us/listing/resultpage?pageSource=PLP&page=2&sort=RELEVANCE&pageId=/ladies/shop-by-product/tops&page-size=36&categoryId=ladies_tops&facets=trendings:Bohemian&filters=sale:false||oldSale:false&touchPoint=DESKTOP&skipStockCheck=false
Women,Western,Topwear,Tops & T-Shirts,Trendings,Bows,https://api.hm.com/search-services/v1/en_us/listing/resultpage?pageSource=PLP&page=2&sort=RELEVANCE&pageId=/ladies/shop-by-product/tops&page-size=36&categoryId=ladies_tops&facets=trendings:Bows&filters=sale:false||oldSale:false&touchPoint=DESKTOP&skipStockCheck=false
Women,Western,Topwear,Tops & T-Shirts,Trendings,Crocheted,https://api.hm.com/search-services/v1/en_us/listing/resultpage?pageSource=PLP&page=2&sort=RELEVANCE&pageId=/ladies/shop-by-product/tops&page-size=36&categoryId=ladies_tops&facets=trendings:Crocheted&filters=sale:false||oldSale:false&touchPoint=DESKTOP&skipStockCheck=false
Women,Western,Topwear,Tops & T-Shirts,Trendings,Embroidered,https://api.hm.com/search-services/v1/en_us/listing/resultpage?pageSource=PLP&page=2&sort=RELEVANCE&pageId=/ladies/shop-by-product/tops&page-size=36&categoryId=ladies_tops&facets=trendings:Embroidered&filters=sale:false||oldSale:false&touchPoint=DESKTOP&skipStockCheck=false
Women,Western,Topwear,Tops & T-Shirts,Trendings,Eyelets,https://api.hm.com/search-services/v1/en_us/listing/resultpage?pageSource=PLP&page=2&sort=RELEVANCE&pageId=/ladies/shop-by-product/tops&page-size=36&categoryId=ladies_tops&facets=trendings:Eyelets&filters=sale:false||oldSale:false&touchPoint=DESKTOP&skipStockCheck=false
Women,Western,Topwear,Tops & T-Shirts,Trendings,Fishnet,https://api.hm.com/search-services/v1/en_us/listing/resultpage?pageSource=PLP&page=2&sort=RELEVANCE&pageId=/ladies/shop-by-product/tops&page-size=36&categoryId=ladies_tops&facets=trendings:Fishnet&filters=sale:false||oldSale:false&touchPoint=DESKTOP&skipStockCheck=false
Women,Western,Topwear,Tops & T-Shirts,Trendings,Floral,https://api.hm.com/search-services/v1/en_us/listing/resultpage?pageSource=PLP&page=2&sort=RELEVANCE&pageId=/ladies/shop-by-product/tops&page-size=36&categoryId=ladies_tops&facets=trendings:Floral&filters=sale:false||oldSale:false&touchPoint=DESKTOP&skipStockCheck=false
Women,Western,Topwear,Tops & T-Shirts,Trendings,Glitter,https://api.hm.com/search-services/v1/en_us/listing/resultpage?pageSource=PLP&page=2&sort=RELEVANCE&pageId=/ladies/shop-by-product/tops&page-size=36&categoryId=ladies_tops&facets=trendings:Glitter&filters=sale:false||oldSale:false&touchPoint=DESKTOP&skipStockCheck=false
Women,Western,Topwear,Tops & T-Shirts,Trendings,Grunge,https://api.hm.com/search-services/v1/en_us/listing/resultpage?pageSource=PLP&page=2&sort=RELEVANCE&pageId=/ladies/shop-by-product/tops&page-size=36&categoryId=ladies_tops&facets=trendings:Grunge&filters=sale:false||oldSale:false&touchPoint=DESKTOP&skipStockCheck=false
Women,Western,Topwear,Tops & T-Shirts,Trendings,Lace,https://api.hm.com/search-services/v1/en_us/listing/resultpage?pageSource=PLP&page=2&sort=RELEVANCE&pageId=/ladies/shop-by-product/tops&page-size=36&categoryId=ladies_tops&facets=trendings:Lace&filters=sale:false||oldSale:false&touchPoint=DESKTOP&skipStockCheck=false
Women,Western,Topwear,Tops & T-Shirts,Trendings,Metallic,https://api.hm.com/search-services/v1/en_us/listing/resultpage?pageSource=PLP&page=2&sort=RELEVANCE&pageId=/ladies/shop-by-product/tops&page-size=36&categoryId=ladies_tops&facets=trendings:Metallic&filters=sale:false||oldSale:false&touchPoint=DESKTOP&skipStockCheck=false
Women,Western,Topwear,Tops & T-Shirts,Trendings,Ombre,https://api.hm.com/search-services/v1/en_us/listing/resultpage?pageSource=PLP&page=2&sort=RELEVANCE&pageId=/ladies/shop-by-product/tops&page-size=36&categoryId=ladies_tops&facets=trendings:Ombre&filters=sale:false||oldSale:false&touchPoint=DESKTOP&skipStockCheck=false
Women,Western,Topwear,Tops & T-Shirts,Trendings,Pastel Colors,https://api.hm.com/search-services/v1/en_us/listing/resultpage?pageSource=PLP&page=2&sort=RELEVANCE&pageId=/ladies/shop-by-product/tops&page-size=36&categoryId=ladies_tops&facets=trendings:Pastel colors&filters=sale:false||oldSale:false&touchPoint=DESKTOP&skipStockCheck=false
Women,Western,Topwear,Tops & T-Shirts,Trendings,Pearls,https://api.hm.com/search-services/v1/en_us/listing/resultpage?pageSource=PLP&page=2&sort=RELEVANCE&pageId=/ladies/shop-by-product/tops&page-size=36&categoryId=ladies_tops&facets=trendings:Pearls&filters=sale:false||oldSale:false&touchPoint=DESKTOP&skipStockCheck=false
Women,Western,Topwear,Tops & T-Shirts,Trendings,Pleated,https://api.hm.com/search-services/v1/en_us/listing/resultpage?pageSource=PLP&page=2&sort=RELEVANCE&pageId=/ladies/shop-by-product/tops&page-size=36&categoryId=ladies_tops&facets=trendings:Pleated&filters=sale:false||oldSale:false&touchPoint=DESKTOP&skipStockCheck=false
Women,Western,Topwear,Tops & T-Shirts,Trendings,Print,https://api.hm.com/search-services/v1/en_us/listing/resultpage?pageSource=PLP&page=2&sort=RELEVANCE&pageId=/ladies/shop-by-product/tops&page-size=36&categoryId=ladies_tops&facets=trendings:Print&filters=sale:false||oldSale:false&touchPoint=DESKTOP&skipStockCheck=false
Women,Western,Topwear,Tops & T-Shirts,Trendings,Rhinestones,https://api.hm.com/search-services/v1/en_us/listing/resultpage?pageSource=PLP&page=2&sort=RELEVANCE&pageId=/ladies/shop-by-product/tops&page-size=36&categoryId=ladies_tops&facets=trendings:Rhinestones&filters=sale:false||oldSale:false&touchPoint=DESKTOP&skipStockCheck=false
Women,Western,Topwear,Tops & T-Shirts,Trendings,Ruffle,https://api.hm.com/search-services/v1/en_us/listing/resultpage?pageSource=PLP&page=2&sort=RELEVANCE&pageId=/ladies/shop-by-product/tops&page-size=36&categoryId=ladies_tops&facets=trendings:Ruffle&filters=sale:false||oldSale:false&touchPoint=DESKTOP&skipStockCheck=false
Women,Western,Topwear,Tops & T-Shirts,Trendings,Sequin,https://api.hm.com/search-services/v1/en_us/listing/resultpage?pageSource=PLP&page=2&sort=RELEVANCE&pageId=/ladies/shop-by-product/tops&page-size=36&categoryId=ladies_tops&facets=trendings:Sequin&filters=sale:false||oldSale:false&touchPoint=DESKTOP&skipStockCheck=false
Women,Western,Topwear,Tops & T-Shirts,Trendings,Sheer,https://api.hm.com/search-services/v1/en_us/listing/resultpage?pageSource=PLP&page=2&sort=RELEVANCE&pageId=/ladies/shop-by-product/tops&page-size=36&categoryId=ladies_tops&facets=trendings:Sheer&filters=sale:false||oldSale:false&touchPoint=DESKTOP&skipStockCheck=false
Women,Western,Topwear,Tops & T-Shirts,Trendings,Shiny,https://api.hm.com/search-services/v1/en_us/listing/resultpage?pageSource=PLP&page=2&sort=RELEVANCE&pageId=/ladies/shop-by-product/tops&page-size=36&categoryId=ladies_tops&facets=trendings:Shiny&filters=sale:false||oldSale:false&touchPoint=DESKTOP&skipStockCheck=false
Women,Western,Topwear,Tops & T-Shirts,Trendings,Studs,https://api.hm.com/search-services/v1/en_us/listing/resultpage?pageSource=PLP&page=2&sort=RELEVANCE&pageId=/ladies/shop-by-product/tops&page-size=36&categoryId=ladies_tops&facets=trendings:Studs&filters=sale:false||oldSale:false&touchPoint=DESKTOP&skipStockCheck=false
Women,Western,Topwear,Tops & T-Shirts,Trendings,Utility,https://api.hm.com/search-services/v1/en_us/listing/resultpage?pageSource=PLP&page=2&sort=RELEVANCE&pageId=/ladies/shop-by-product/tops&page-size=36&categoryId=ladies_tops&facets=trendings:Utility&filters=sale:false||oldSale:false&touchPoint=DESKTOP&skipStockCheck=false
Women,Western,Topwear,Tops & T-Shirts,Trendings,Velvet,https://api.hm.com/search-services/v1/en_us/listing/resultpage?pageSource=PLP&page=2&sort=RELEVANCE&pageId=/ladies/shop-by-product/tops&page-size=36&categoryId=ladies_tops&facets=trendings:Velvet&filters=sale:false||oldSale:false&touchPoint=DESKTOP&skipStockCheck=false
Women,Western,Topwear,Tops & T-Shirts,Trendings,Y2K,https://api.hm.com/search-services/v1/en_us/listing/resultpage?pageSource=PLP&page=2&sort=RELEVANCE&pageId=/ladies/shop-by-product/tops&page-size=36&categoryId=ladies_tops&facets=trendings:Y2K&filters=sale:false||oldSale:false&touchPoint=DESKTOP&skipStockCheck=false
Women,Western,Topwear,Tops & T-Shirts,SleeveLengths,3/4 Sleeve,https://api.hm.com/search-services/v1/en_us/listing/resultpage?pageSource=PLP&page=2&sort=RELEVANCE&pageId=/ladies/shop-by-product/tops&page-size=36&categoryId=ladies_tops&facets=sleeveLengths:3/4 sleeve&filters=sale:false||oldSale:false&touchPoint=DESKTOP&skipStockCheck=false
Women,Western,Topwear,Tops & T-Shirts,SleeveLengths,Extra-Long Sleeve,https://api.hm.com/search-services/v1/en_us/listing/resultpage?pageSource=PLP&page=2&sort=RELEVANCE&pageId=/ladies/shop-by-product/tops&page-size=36&categoryId=ladies_tops&facets=sleeveLengths:Extra-long sleeve&filters=sale:false||oldSale:false&touchPoint=DESKTOP&skipStockCheck=false
Women,Western,Topwear,Tops & T-Shirts,SleeveLengths,Long Sleeve,https://api.hm.com/search-services/v1/en_us/listing/resultpage?pageSource=PLP&page=2&sort=RELEVANCE&pageId=/ladies/shop-by-product/tops&page-size=36&categoryId=ladies_tops&facets=sleeveLengths:Long sleeve&filters=sale:false||oldSale:false&touchPoint=DESKTOP&skipStockCheck=false
Women,Western,Topwear,Tops & T-Shirts,SleeveLengths,Short Sleeve,https://api.hm.com/search-services/v1/en_us/listing/resultpage?pageSource=PLP&page=2&sort=RELEVANCE&pageId=/ladies/shop-by-product/tops&page-size=36&categoryId=ladies_tops&facets=sleeveLengths:Short sleeve&filters=sale:false||oldSale:false&touchPoint=DESKTOP&skipStockCheck=false
Women,Western,Topwear,Tops & T-Shirts,SleeveLengths,Sleeveless,https://api.hm.com/search-services/v1/en_us/listing/resultpage?pageSource=PLP&page=2&sort=RELEVANCE&pageId=/ladies/shop-by-product/tops&page-size=36&categoryId=ladies_tops&facets=sleeveLengths:Sleeveless&filters=sale:false||oldSale:false&touchPoint=DESKTOP&skipStockCheck=false
Women,Western,Topwear,Tops & T-Shirts,SleeveStyles,Balloon Sleeve,https://api.hm.com/search-services/v1/en_us/listing/resultpage?pageSource=PLP&page=2&sort=RELEVANCE&pageId=/ladies/shop-by-product/tops&page-size=36&categoryId=ladies_tops&facets=sleeveStyles:Balloon Sleeve&filters=sale:false||oldSale:false&touchPoint=DESKTOP&skipStockCheck=false
Women,Western,Topwear,Tops & T-Shirts,SleeveStyles,Batwing Sleeve,https://api.hm.com/search-services/v1/en_us/listing/resultpage?pageSource=PLP&page=2&sort=RELEVANCE&pageId=/ladies/shop-by-product/tops&page-size=36&categoryId=ladies_tops&facets=sleeveStyles:Batwing sleeve&filters=sale:false||oldSale:false&touchPoint=DESKTOP&skipStockCheck=false
Women,Western,Topwear,Tops & T-Shirts,SleeveStyles,Cap Sleeve,https://api.hm.com/search-services/v1/en_us/listing/resultpage?pageSource=PLP&page=2&sort=RELEVANCE&pageId=/ladies/shop-by-product/tops&page-size=36&categoryId=ladies_tops&facets=sleeveStyles:Cap sleeve&filters=sale:false||oldSale:false&touchPoint=DESKTOP&skipStockCheck=false
Women,Western,Topwear,Tops & T-Shirts,SleeveStyles,Flutter Sleeve,https://api.hm.com/search-services/v1/en_us/listing/resultpage?pageSource=PLP&page=2&sort=RELEVANCE&pageId=/ladies/shop-by-product/tops&page-size=36&categoryId=ladies_tops&facets=sleeveStyles:Flutter sleeve&filters=sale:false||oldSale:false&touchPoint=DESKTOP&skipStockCheck=false
Women,Western,Topwear,Tops & T-Shirts,SleeveStyles,Puff Sleeve,https://api.hm.com/search-services/v1/en_us/listing/resultpage?pageSource=PLP&page=2&sort=RELEVANCE&pageId=/ladies/shop-by-product/tops&page-size=36&categoryId=ladies_tops&facets=sleeveStyles:Puff Sleeve&filters=sale:false||oldSale:false&touchPoint=DESKTOP&skipStockCheck=false
Women,Western,Topwear,Tops & T-Shirts,SleeveStyles,Raglan Sleeve,https://api.hm.com/search-services/v1/en_us/listing/resultpage?pageSource=PLP&page=2&sort=RELEVANCE&pageId=/ladies/shop-by-product/tops&page-size=36&categoryId=ladies_tops&facets=sleeveStyles:Raglan Sleeve&filters=sale:false||oldSale:false&touchPoint=DESKTOP&skipStockCheck=false
Women,Western,Topwear,Tops & T-Shirts,SleeveStyles,Trumpet Sleeve,https://api.hm.com/search-services/v1/en_us/listing/resultpage?pageSource=PLP&page=2&sort=RELEVANCE&pageId=/ladies/shop-by-product/tops&page-size=36&categoryId=ladies_tops&facets=sleeveStyles:Trumpet Sleeve&filters=sale:false||oldSale:false&touchPoint=DESKTOP&skipStockCheck=false
Women,Western,Topwear,Tops & T-Shirts,ProductGroups,Functional Wear,https://api.hm.com/search-services/v1/en_us/listing/resultpage?pageSource=PLP&page=2&sort=RELEVANCE&pageId=/ladies/shop-by-product/tops&page-size=36&categoryId=ladies_tops&facets=productGroups:Functional Wear&filters=sale:false||oldSale:false&touchPoint=DESKTOP&skipStockCheck=false
Women,Western,Topwear,Tops & T-Shirts,ProductGroups,Loungewear,https://api.hm.com/search-services/v1/en_us/listing/resultpage?pageSource=PLP&page=2&sort=RELEVANCE&pageId=/ladies/shop-by-product/tops&page-size=36&categoryId=ladies_tops&facets=productGroups:Loungewear&filters=sale:false||oldSale:false&touchPoint=DESKTOP&skipStockCheck=false
Women,Western,Topwear,Tops & T-Shirts,ProductGroups,Outerwear,https://api.hm.com/search-services/v1/en_us/listing/resultpage?pageSource=PLP&page=2&sort=RELEVANCE&pageId=/ladies/shop-by-product/tops&page-size=36&categoryId=ladies_tops&facets=productGroups:Outerwear&filters=sale:false||oldSale:false&touchPoint=DESKTOP&skipStockCheck=false
Women,Western,Topwear,Tops & T-Shirts,ProductGroups,Pregnancy,https://api.hm.com/search-services/v1/en_us/listing/resultpage?pageSource=PLP&page=2&sort=RELEVANCE&pageId=/ladies/shop-by-product/tops&page-size=36&categoryId=ladies_tops&facets=productGroups:Pregnancy&filters=sale:false||oldSale:false&touchPoint=DESKTOP&skipStockCheck=false
Women,Western,Topwear,Tops & T-Shirts,ProductGroups,Sportswear,https://api.hm.com/search-services/v1/en_us/listing/resultpage?pageSource=PLP&page=2&sort=RELEVANCE&pageId=/ladies/shop-by-product/tops&page-size=36&categoryId=ladies_tops&facets=productGroups:Sportswear&filters=sale:false||oldSale:false&touchPoint=DESKTOP&skipStockCheck=false
Women,Western,Topwear,Tops & T-Shirts,LicenseCompanies,Disney,https://api.hm.com/search-services/v1/en_us/listing/resultpage?pageSource=PLP&page=2&sort=RELEVANCE&pageId=/ladies/shop-by-product/tops&page-size=36&categoryId=ladies_tops&facets=licenseCompanies:Disney&filters=sale:false||oldSale:false&touchPoint=DESKTOP&skipStockCheck=false
Women,Western,Topwear,Tops & T-Shirts,LicenseItems,Ac/Dc,https://api.hm.com/search-services/v1/en_us/listing/resultpage?pageSource=PLP&page=2&sort=RELEVANCE&pageId=/ladies/shop-by-product/tops&page-size=36&categoryId=ladies_tops&facets=licenseItems:AC/DC&filters=sale:false||oldSale:false&touchPoint=DESKTOP&skipStockCheck=false
Women,Western,Topwear,Tops & T-Shirts,LicenseItems,Alice In Wonderland,https://api.hm.com/search-services/v1/en_us/listing/resultpage?pageSource=PLP&page=2&sort=RELEVANCE&pageId=/ladies/shop-by-product/tops&page-size=36&categoryId=ladies_tops&facets=licenseItems:Alice in Wonderland&filters=sale:false||oldSale:false&touchPoint=DESKTOP&skipStockCheck=false
Women,Western,Topwear,Tops & T-Shirts,LicenseItems,Apoh,https://api.hm.com/search-services/v1/en_us/listing/resultpage?pageSource=PLP&page=2&sort=RELEVANCE&pageId=/ladies/shop-by-product/tops&page-size=36&categoryId=ladies_tops&facets=licenseItems:apoh&filters=sale:false||oldSale:false&touchPoint=DESKTOP&skipStockCheck=false
Women,Western,Topwear,Tops & T-Shirts,LicenseItems,Beetlejuice,https://api.hm.com/search-services/v1/en_us/listing/resultpage?pageSource=PLP&page=2&sort=RELEVANCE&pageId=/ladies/shop-by-product/tops&page-size=36&categoryId=ladies_tops&facets=licenseItems:Beetlejuice&filters=sale:false||oldSale:false&touchPoint=DESKTOP&skipStockCheck=false
Women,Western,Topwear,Tops & T-Shirts,LicenseItems,Billie Eilish,https://api.hm.com/search-services/v1/en_us/listing/resultpage?pageSource=PLP&page=2&sort=RELEVANCE&pageId=/ladies/shop-by-product/tops&page-size=36&categoryId=ladies_tops&facets=licenseItems:Billie Eilish&filters=sale:false||oldSale:false&touchPoint=DESKTOP&skipStockCheck=false
Women,Western,Topwear,Tops & T-Shirts,LicenseItems,Def Leppard,https://api.hm.com/search-services/v1/en_us/listing/resultpage?pageSource=PLP&page=2&sort=RELEVANCE&pageId=/ladies/shop-by-product/tops&page-size=36&categoryId=ladies_tops&facets=licenseItems:Def Leppard&filters=sale:false||oldSale:false&touchPoint=DESKTOP&skipStockCheck=false
Women,Western,Topwear,Tops & T-Shirts,LicenseItems,Dua Lipa,https://api.hm.com/search-services/v1/en_us/listing/resultpage?pageSource=PLP&page=2&sort=RELEVANCE&pageId=/ladies/shop-by-product/tops&page-size=36&categoryId=ladies_tops&facets=licenseItems:Dua Lipa&filters=sale:false||oldSale:false&touchPoint=DESKTOP&skipStockCheck=false
Women,Western,Topwear,Tops & T-Shirts,LicenseItems,Evanescence,https://api.hm.com/search-services/v1/en_us/listing/resultpage?pageSource=PLP&page=2&sort=RELEVANCE&pageId=/ladies/shop-by-product/tops&page-size=36&categoryId=ladies_tops&facets=licenseItems:Evanescence&filters=sale:false||oldSale:false&touchPoint=DESKTOP&skipStockCheck=false
Women,Western,Topwear,Tops & T-Shirts,LicenseItems,Foo Fighters,https://api.hm.com/search-services/v1/en_us/listing/resultpage?pageSource=PLP&page=2&sort=RELEVANCE&pageId=/ladies/shop-by-product/tops&page-size=36&categoryId=ladies_tops&facets=licenseItems:Foo Fighters&filters=sale:false||oldSale:false&touchPoint=DESKTOP&skipStockCheck=false
Women,Western,Topwear,Tops & T-Shirts,LicenseItems,General Motors,https://api.hm.com/search-services/v1/en_us/listing/resultpage?pageSource=PLP&page=2&sort=RELEVANCE&pageId=/ladies/shop-by-product/tops&page-size=36&categoryId=ladies_tops&facets=licenseItems:General Motors&filters=sale:false||oldSale:false&touchPoint=DESKTOP&skipStockCheck=false
Women,Western,Topwear,Tops & T-Shirts,LicenseItems,George Michael,https://api.hm.com/search-services/v1/en_us/listing/resultpage?pageSource=PLP&page=2&sort=RELEVANCE&pageId=/ladies/shop-by-product/tops&page-size=36&categoryId=ladies_tops&facets=licenseItems:George Michael&filters=sale:false||oldSale:false&touchPoint=DESKTOP&skipStockCheck=false
Women,Western,Topwear,Tops & T-Shirts,LicenseItems,Guns N' Roses,https://api.hm.com/search-services/v1/en_us/listing/resultpage?pageSource=PLP&page=2&sort=RELEVANCE&pageId=/ladies/shop-by-product/tops&page-size=36&categoryId=ladies_tops&facets=licenseItems:Guns N' Roses&filters=sale:false||oldSale:false&touchPoint=DESKTOP&skipStockCheck=false
Women,Western,Topwear,Tops & T-Shirts,LicenseItems,Hello Kitty,https://api.hm.com/search-services/v1/en_us/listing/resultpage?pageSource=PLP&page=2&sort=RELEVANCE&pageId=/ladies/shop-by-product/tops&page-size=36&categoryId=ladies_tops&facets=licenseItems:Hello Kitty&filters=sale:false||oldSale:false&touchPoint=DESKTOP&skipStockCheck=false
Women,Western,Topwear,Tops & T-Shirts,LicenseItems,Jane'S Addiction,https://api.hm.com/search-services/v1/en_us/listing/resultpage?pageSource=PLP&page=2&sort=RELEVANCE&pageId=/ladies/shop-by-product/tops&page-size=36&categoryId=ladies_tops&facets=licenseItems:Jane's Addiction&filters=sale:false||oldSale:false&touchPoint=DESKTOP&skipStockCheck=false
Women,Western,Topwear,Tops & T-Shirts,LicenseItems,Korn,https://api.hm.com/search-services/v1/en_us/listing/resultpage?pageSource=PLP&page=2&sort=RELEVANCE&pageId=/ladies/shop-by-product/tops&page-size=36&categoryId=ladies_tops&facets=licenseItems:Korn&filters=sale:false||oldSale:false&touchPoint=DESKTOP&skipStockCheck=false
Women,Western,Topwear,Tops & T-Shirts,LicenseItems,Nick Cave,https://api.hm.com/search-services/v1/en_us/listing/resultpage?pageSource=PLP&page=2&sort=RELEVANCE&pageId=/ladies/shop-by-product/tops&page-size=36&categoryId=ladies_tops&facets=licenseItems:Nick Cave&filters=sale:false||oldSale:false&touchPoint=DESKTOP&skipStockCheck=false
Women,Western,Topwear,Tops & T-Shirts,LicenseItems,Nine Inch Nails,https://api.hm.com/search-services/v1/en_us/listing/resultpage?pageSource=PLP&page=2&sort=RELEVANCE&pageId=/ladies/shop-by-product/tops&page-size=36&categoryId=ladies_tops&facets=licenseItems:Nine Inch Nails&filters=sale:false||oldSale:false&touchPoint=DESKTOP&skipStockCheck=false
Women,Western,Topwear,Tops & T-Shirts,LicenseItems,Nirvana,https://api.hm.com/search-services/v1/en_us/listing/resultpage?pageSource=PLP&page=2&sort=RELEVANCE&pageId=/ladies/shop-by-product/tops&page-size=36&categoryId=ladies_tops&facets=licenseItems:Nirvana&filters=sale:false||oldSale:false&touchPoint=DESKTOP&skipStockCheck=false
Women,Western,Topwear,Tops & T-Shirts,LicenseItems,Oasis,https://api.hm.com/search-services/v1/en_us/listing/resultpage?pageSource=PLP&page=2&sort=RELEVANCE&pageId=/ladies/shop-by-product/tops&page-size=36&categoryId=ladies_tops&facets=licenseItems:Oasis&filters=sale:false||oldSale:false&touchPoint=DESKTOP&skipStockCheck=false
Women,Western,Topwear,Tops & T-Shirts,LicenseItems,Olivia Rodrigo,https://api.hm.com/search-services/v1/en_us/listing/resultpage?pageSource=PLP&page=2&sort=RELEVANCE&pageId=/ladies/shop-by-product/tops&page-size=36&categoryId=ladies_tops&facets=licenseItems:Olivia Rodrigo&filters=sale:false||oldSale:false&touchPoint=DESKTOP&skipStockCheck=false
Women,Western,Topwear,Tops & T-Shirts,LicenseItems,Pink Floyd,https://api.hm.com/search-services/v1/en_us/listing/resultpage?pageSource=PLP&page=2&sort=RELEVANCE&pageId=/ladies/shop-by-product/tops&page-size=36&categoryId=ladies_tops&facets=licenseItems:Pink Floyd&filters=sale:false||oldSale:false&touchPoint=DESKTOP&skipStockCheck=false
Women,Western,Topwear,Tops & T-Shirts,LicenseItems,Ramones,https://api.hm.com/search-services/v1/en_us/listing/resultpage?pageSource=PLP&page=2&sort=RELEVANCE&pageId=/ladies/shop-by-product/tops&page-size=36&categoryId=ladies_tops&facets=licenseItems:Ramones&filters=sale:false||oldSale:false&touchPoint=DESKTOP&skipStockCheck=false
Women,Western,Topwear,Tops & T-Shirts,LicenseItems,Smiley Originals,https://api.hm.com/search-services/v1/en_us/listing/resultpage?pageSource=PLP&page=2&sort=RELEVANCE&pageId=/ladies/shop-by-product/tops&page-size=36&categoryId=ladies_tops&facets=licenseItems:Smiley Originals&filters=sale:false||oldSale:false&touchPoint=DESKTOP&skipStockCheck=false
Women,Western,Topwear,Tops & T-Shirts,LicenseItems,Snoopy,https://api.hm.com/search-services/v1/en_us/listing/resultpage?pageSource=PLP&page=2&sort=RELEVANCE&pageId=/ladies/shop-by-product/tops&page-size=36&categoryId=ladies_tops&facets=licenseItems:Snoopy&filters=sale:false||oldSale:false&touchPoint=DESKTOP&skipStockCheck=false
Women,Western,Topwear,Tops & T-Shirts,LicenseItems,Soundgarden,https://api.hm.com/search-services/v1/en_us/listing/resultpage?pageSource=PLP&page=2&sort=RELEVANCE&pageId=/ladies/shop-by-product/tops&page-size=36&categoryId=ladies_tops&facets=licenseItems:Soundgarden&filters=sale:false||oldSale:false&touchPoint=DESKTOP&skipStockCheck=false
Women,Western,Topwear,Tops & T-Shirts,LicenseItems,Space Jam,https://api.hm.com/search-services/v1/en_us/listing/resultpage?pageSource=PLP&page=2&sort=RELEVANCE&pageId=/ladies/shop-by-product/tops&page-size=36&categoryId=ladies_tops&facets=licenseItems:Space Jam&filters=sale:false||oldSale:false&touchPoint=DESKTOP&skipStockCheck=false
Women,Western,Topwear,Tops & T-Shirts,LicenseItems,The Beatles,https://api.hm.com/search-services/v1/en_us/listing/resultpage?pageSource=PLP&page=2&sort=RELEVANCE&pageId=/ladies/shop-by-product/tops&page-size=36&categoryId=ladies_tops&facets=licenseItems:The Beatles&filters=sale:false||oldSale:false&touchPoint=DESKTOP&skipStockCheck=false
Women,Western,Topwear,Tops & T-Shirts,LicenseItems,The Rolling Stones,https://api.hm.com/search-services/v1/en_us/listing/resultpage?pageSource=PLP&page=2&sort=RELEVANCE&pageId=/ladies/shop-by-product/tops&page-size=36&categoryId=ladies_tops&facets=licenseItems:The Rolling Stones&filters=sale:false||oldSale:false&touchPoint=DESKTOP&skipStockCheck=false
Women,Western,Topwear,Tops & T-Shirts,LicenseItems,The Smashing Pumpkins,https://api.hm.com/search-services/v1/en_us/listing/resultpage?pageSource=PLP&page=2&sort=RELEVANCE&pageId=/ladies/shop-by-product/tops&page-size=36&categoryId=ladies_tops&facets=licenseItems:The Smashing Pumpkins&filters=sale:false||oldSale:false&touchPoint=DESKTOP&skipStockCheck=false
Women,Western,Topwear,Tops & T-Shirts,LicenseItems,University Of Cambridge,https://api.hm.com/search-services/v1/en_us/listing/resultpage?pageSource=PLP&page=2&sort=RELEVANCE&pageId=/ladies/shop-by-product/tops&page-size=36&categoryId=ladies_tops&facets=licenseItems:University of Cambridge&filters=sale:false||oldSale:false&touchPoint=DESKTOP&skipStockCheck=false
Women,Western,Topwear,Tops & T-Shirts,LicenseItems,Wicked,https://api.hm.com/search-services/v1/en_us/listing/resultpage?pageSource=PLP&page=2&sort=RELEVANCE&pageId=/ladies/shop-by-product/tops&page-size=36&categoryId=ladies_tops&facets=licenseItems:Wicked&filters=sale:false||oldSale:false&touchPoint=DESKTOP&skipStockCheck=false
Women,Western,Topwear,Tops & T-Shirts,Features,Built-In Bra,https://api.hm.com/search-services/v1/en_us/listing/resultpage?pageSource=PLP&page=2&sort=RELEVANCE&pageId=/ladies/shop-by-product/tops&page-size=36&categoryId=ladies_tops&facets=features:Built-in bra&filters=sale:false||oldSale:false&touchPoint=DESKTOP&skipStockCheck=false
Women,Western,Topwear,Tops & T-Shirts,Features,Lightweight,https://api.hm.com/search-services/v1/en_us/listing/resultpage?pageSource=PLP&page=2&sort=RELEVANCE&pageId=/ladies/shop-by-product/tops&page-size=36&categoryId=ladies_tops&facets=features:Lightweight&filters=sale:false||oldSale:false&touchPoint=DESKTOP&skipStockCheck=false
Women,Western,Topwear,Tops & T-Shirts,Features,Lined,https://api.hm.com/search-services/v1/en_us/listing/resultpage?pageSource=PLP&page=2&sort=RELEVANCE&pageId=/ladies/shop-by-product/tops&page-size=36&categoryId=ladies_tops&facets=features:Lined&filters=sale:false||oldSale:false&touchPoint=DESKTOP&skipStockCheck=false
Women,Western,Topwear,Tops & T-Shirts,Features,Removable Inserts,https://api.hm.com/search-services/v1/en_us/listing/resultpage?pageSource=PLP&page=2&sort=RELEVANCE&pageId=/ladies/shop-by-product/tops&page-size=36&categoryId=ladies_tops&facets=features:Removable Inserts&filters=sale:false||oldSale:false&touchPoint=DESKTOP&skipStockCheck=false
Women,Western,Topwear,Tops & T-Shirts,Features,Seamless,https://api.hm.com/search-services/v1/en_us/listing/resultpage?pageSource=PLP&page=2&sort=RELEVANCE&pageId=/ladies/shop-by-product/tops&page-size=36&categoryId=ladies_tops&facets=features:Seamless&filters=sale:false||oldSale:false&touchPoint=DESKTOP&skipStockCheck=false
Women,Western,Topwear,Tops & T-Shirts,Features,Shaping,https://api.hm.com/search-services/v1/en_us/listing/resultpage?pageSource=PLP&page=2&sort=RELEVANCE&pageId=/ladies/shop-by-product/tops&page-size=36&categoryId=ladies_tops&facets=features:Shaping&filters=sale:false||oldSale:false&touchPoint=DESKTOP&skipStockCheck=false
Women,Western,Topwear,Tops & T-Shirts,Features,Supersoft,https://api.hm.com/search-services/v1/en_us/listing/resultpage?pageSource=PLP&page=2&sort=RELEVANCE&pageId=/ladies/shop-by-product/tops&page-size=36&categoryId=ladies_tops&facets=features:Supersoft&filters=sale:false||oldSale:false&touchPoint=DESKTOP&skipStockCheck=false
Women,Western,Topwear,Tops & T-Shirts,Features,With Pocket,https://api.hm.com/search-services/v1/en_us/listing/resultpage?pageSource=PLP&page=2&sort=RELEVANCE&pageId=/ladies/shop-by-product/tops&page-size=36&categoryId=ladies_tops&facets=features:With pocket&filters=sale:false||oldSale:false&touchPoint=DESKTOP&skipStockCheck=false
Women,Western,Topwear,Tops & T-Shirts,Seasonality,Spring,https://api.hm.com/search-services/v1/en_us/listing/resultpage?pageSource=PLP&page=2&sort=RELEVANCE&pageId=/ladies/shop-by-product/tops&page-size=36&categoryId=ladies_tops&facets=seasonality:Spring&filters=sale:false||oldSale:false&touchPoint=DESKTOP&skipStockCheck=false
Women,Western,Topwear,Tops & T-Shirts,Seasonality,Summer,https://api.hm.com/search-services/v1/en_us/listing/resultpage?pageSource=PLP&page=2&sort=RELEVANCE&pageId=/ladies/shop-by-product/tops&page-size=36&categoryId=ladies_tops&facets=seasonality:Summer&filters=sale:false||oldSale:false&touchPoint=DESKTOP&skipStockCheck=false
Women,Western,Topwear,Tops & T-Shirts,ColourShades,Baby Blue,https://api.hm.com/search-services/v1/en_us/listing/resultpage?pageSource=PLP&page=2&sort=RELEVANCE&pageId=/ladies/shop-by-product/tops&page-size=36&categoryId=ladies_tops&facets=colourShades:Baby blue&filters=sale:false||oldSale:false&touchPoint=DESKTOP&skipStockCheck=false
Women,Western,Topwear,Tops & T-Shirts,ColourShades,Baby Pink,https://api.hm.com/search-services/v1/en_us/listing/resultpage?pageSource=PLP&page=2&sort=RELEVANCE&pageId=/ladies/shop-by-product/tops&page-size=36&categoryId=ladies_tops&facets=colourShades:Baby pink&filters=sale:false||oldSale:false&touchPoint=DESKTOP&skipStockCheck=false
Women,Western,Topwear,Tops & T-Shirts,ColourShades,Blue Gray,https://api.hm.com/search-services/v1/en_us/listing/resultpage?pageSource=PLP&page=2&sort=RELEVANCE&pageId=/ladies/shop-by-product/tops&page-size=36&categoryId=ladies_tops&facets=colourShades:Blue gray&filters=sale:false||oldSale:false&touchPoint=DESKTOP&skipStockCheck=false
Women,Western,Topwear,Tops & T-Shirts,ColourShades,Bright Blue,https://api.hm.com/search-services/v1/en_us/listing/resultpage?pageSource=PLP&page=2&sort=RELEVANCE&pageId=/ladies/shop-by-product/tops&page-size=36&categoryId=ladies_tops&facets=colourShades:Bright blue&filters=sale:false||oldSale:false&touchPoint=DESKTOP&skipStockCheck=false
Women,Western,Topwear,Tops & T-Shirts,ColourShades,Bright Green,https://api.hm.com/search-services/v1/en_us/listing/resultpage?pageSource=PLP&page=2&sort=RELEVANCE&pageId=/ladies/shop-by-product/tops&page-size=36&categoryId=ladies_tops&facets=colourShades:Bright green&filters=sale:false||oldSale:false&touchPoint=DESKTOP&skipStockCheck=false
Women,Western,Topwear,Tops & T-Shirts,ColourShades,Bright Pink,https://api.hm.com/search-services/v1/en_us/listing/resultpage?pageSource=PLP&page=2&sort=RELEVANCE&pageId=/ladies/shop-by-product/tops&page-size=36&categoryId=ladies_tops&facets=colourShades:Bright pink&filters=sale:false||oldSale:false&touchPoint=DESKTOP&skipStockCheck=false
Women,Western,Topwear,Tops & T-Shirts,ColourShades,Bright Red,https://api.hm.com/search-services/v1/en_us/listing/resultpage?pageSource=PLP&page=2&sort=RELEVANCE&pageId=/ladies/shop-by-product/tops&page-size=36&categoryId=ladies_tops&facets=colourShades:Bright red&filters=sale:false||oldSale:false&touchPoint=DESKTOP&skipStockCheck=false
Women,Western,Topwear,Tops & T-Shirts,ColourShades,Bright Yellow,https://api.hm.com/search-services/v1/en_us/listing/resultpage?pageSource=PLP&page=2&sort=RELEVANCE&pageId=/ladies/shop-by-product/tops&page-size=36&categoryId=ladies_tops&facets=colourShades:Bright yellow&filters=sale:false||oldSale:false&touchPoint=DESKTOP&skipStockCheck=false
Women,Western,Topwear,Tops & T-Shirts,ColourShades,Burgundy,https://api.hm.com/search-services/v1/en_us/listing/resultpage?pageSource=PLP&page=2&sort=RELEVANCE&pageId=/ladies/shop-by-product/tops&page-size=36&categoryId=ladies_tops&facets=colourShades:Burgundy&filters=sale:false||oldSale:false&touchPoint=DESKTOP&skipStockCheck=false
Women,Western,Topwear,Tops & T-Shirts,ColourShades,Burnt Orange,https://api.hm.com/search-services/v1/en_us/listing/resultpage?pageSource=PLP&page=2&sort=RELEVANCE&pageId=/ladies/shop-by-product/tops&page-size=36&categoryId=ladies_tops&facets=colourShades:Burnt orange&filters=sale:false||oldSale:false&touchPoint=DESKTOP&skipStockCheck=false
Women,Western,Topwear,Tops & T-Shirts,ColourShades,Charcoal,https://api.hm.com/search-services/v1/en_us/listing/resultpage?pageSource=PLP&page=2&sort=RELEVANCE&pageId=/ladies/shop-by-product/tops&page-size=36&categoryId=ladies_tops&facets=colourShades:Charcoal&filters=sale:false||oldSale:false&touchPoint=DESKTOP&skipStockCheck=false
Women,Western,Topwear,Tops & T-Shirts,ColourShades,Cobalt Blue,https://api.hm.com/search-services/v1/en_us/listing/resultpage?pageSource=PLP&page=2&sort=RELEVANCE&pageId=/ladies/shop-by-product/tops&page-size=36&categoryId=ladies_tops&facets=colourShades:Cobalt blue&filters=sale:false||oldSale:false&touchPoint=DESKTOP&skipStockCheck=false
Women,Western,Topwear,Tops & T-Shirts,ColourShades,Coral,https://api.hm.com/search-services/v1/en_us/listing/resultpage?pageSource=PLP&page=2&sort=RELEVANCE&pageId=/ladies/shop-by-product/tops&page-size=36&categoryId=ladies_tops&facets=colourShades:Coral&filters=sale:false||oldSale:false&touchPoint=DESKTOP&skipStockCheck=false
Women,Western,Topwear,Tops & T-Shirts,ColourShades,Cream,https://api.hm.com/search-services/v1/en_us/listing/resultpage?pageSource=PLP&page=2&sort=RELEVANCE&pageId=/ladies/shop-by-product/tops&page-size=36&categoryId=ladies_tops&facets=colourShades:Cream&filters=sale:false||oldSale:false&touchPoint=DESKTOP&skipStockCheck=false
Women,Western,Topwear,Tops & T-Shirts,ColourShades,Dark Blue,https://api.hm.com/search-services/v1/en_us/listing/resultpage?pageSource=PLP&page=2&sort=RELEVANCE&pageId=/ladies/shop-by-product/tops&page-size=36&categoryId=ladies_tops&facets=colourShades:Dark blue&filters=sale:false||oldSale:false&touchPoint=DESKTOP&skipStockCheck=false
Women,Western,Topwear,Tops & T-Shirts,ColourShades,Dark Gray,https://api.hm.com/search-services/v1/en_us/listing/resultpage?pageSource=PLP&page=2&sort=RELEVANCE&pageId=/ladies/shop-by-product/tops&page-size=36&categoryId=ladies_tops&facets=colourShades:Dark gray&filters=sale:false||oldSale:false&touchPoint=DESKTOP&skipStockCheck=false
Women,Western,Topwear,Tops & T-Shirts,ColourShades,Dark Green,https://api.hm.com/search-services/v1/en_us/listing/resultpage?pageSource=PLP&page=2&sort=RELEVANCE&pageId=/ladies/shop-by-product/tops&page-size=36&categoryId=ladies_tops&facets=colourShades:Dark green&filters=sale:false||oldSale:false&touchPoint=DESKTOP&skipStockCheck=false
Women,Western,Topwear,Tops & T-Shirts,ColourShades,Dark Maroon,https://api.hm.com/search-services/v1/en_us/listing/resultpage?pageSource=PLP&page=2&sort=RELEVANCE&pageId=/ladies/shop-by-product/tops&page-size=36&categoryId=ladies_tops&facets=colourShades:Dark maroon&filters=sale:false||oldSale:false&touchPoint=DESKTOP&skipStockCheck=false
Women,Western,Topwear,Tops & T-Shirts,ColourShades,Dark Red,https://api.hm.com/search-services/v1/en_us/listing/resultpage?pageSource=PLP&page=2&sort=RELEVANCE&pageId=/ladies/shop-by-product/tops&page-size=36&categoryId=ladies_tops&facets=colourShades:Dark red&filters=sale:false||oldSale:false&touchPoint=DESKTOP&skipStockCheck=false
Women,Western,Topwear,Tops & T-Shirts,ColourShades,Dusty Pink,https://api.hm.com/search-services/v1/en_us/listing/resultpage?pageSource=PLP&page=2&sort=RELEVANCE&pageId=/ladies/shop-by-product/tops&page-size=36&categoryId=ladies_tops&facets=colourShades:Dusty pink&filters=sale:false||oldSale:false&touchPoint=DESKTOP&skipStockCheck=false
Women,Western,Topwear,Tops & T-Shirts,ColourShades,Dusty Rose,https://api.hm.com/search-services/v1/en_us/listing/resultpage?pageSource=PLP&page=2&sort=RELEVANCE&pageId=/ladies/shop-by-product/tops&page-size=36&categoryId=ladies_tops&facets=colourShades:Dusty rose&filters=sale:false||oldSale:false&touchPoint=DESKTOP&skipStockCheck=false
Women,Western,Topwear,Tops & T-Shirts,ColourShades,Ecru,https://api.hm.com/search-services/v1/en_us/listing/resultpage?pageSource=PLP&page=2&sort=RELEVANCE&pageId=/ladies/shop-by-product/tops&page-size=36&categoryId=ladies_tops&facets=colourShades:Ecru&filters=sale:false||oldSale:false&touchPoint=DESKTOP&skipStockCheck=false
Women,Western,Topwear,Tops & T-Shirts,ColourShades,Emerald Green,https://api.hm.com/search-services/v1/en_us/listing/resultpage?pageSource=PLP&page=2&sort=RELEVANCE&pageId=/ladies/shop-by-product/tops&page-size=36&categoryId=ladies_tops&facets=colourShades:Emerald green&filters=sale:false||oldSale:false&touchPoint=DESKTOP&skipStockCheck=false
Women,Western,Topwear,Tops & T-Shirts,ColourShades,Gold Yellow,https://api.hm.com/search-services/v1/en_us/listing/resultpage?pageSource=PLP&page=2&sort=RELEVANCE&pageId=/ladies/shop-by-product/tops&page-size=36&categoryId=ladies_tops&facets=colourShades:Gold yellow&filters=sale:false||oldSale:false&touchPoint=DESKTOP&skipStockCheck=false
Women,Western,Topwear,Tops & T-Shirts,ColourShades,Gray Silver,https://api.hm.com/search-services/v1/en_us/listing/resultpage?pageSource=PLP&page=2&sort=RELEVANCE&pageId=/ladies/shop-by-product/tops&page-size=36&categoryId=ladies_tops&facets=colourShades:Gray silver&filters=sale:false||oldSale:false&touchPoint=DESKTOP&skipStockCheck=false
Women,Western,Topwear,Tops & T-Shirts,ColourShades,Gray White,https://api.hm.com/search-services/v1/en_us/listing/resultpage?pageSource=PLP&page=2&sort=RELEVANCE&pageId=/ladies/shop-by-product/tops&page-size=36&categoryId=ladies_tops&facets=colourShades:Gray white&filters=sale:false||oldSale:false&touchPoint=DESKTOP&skipStockCheck=false
Women,Western,Topwear,Tops & T-Shirts,ColourShades,Hot Pink,https://api.hm.com/search-services/v1/en_us/listing/resultpage?pageSource=PLP&page=2&sort=RELEVANCE&pageId=/ladies/shop-by-product/tops&page-size=36&categoryId=ladies_tops&facets=colourShades:Hot pink&filters=sale:false||oldSale:false&touchPoint=DESKTOP&skipStockCheck=false
Women,Western,Topwear,Tops & T-Shirts,ColourShades,Indigo,https://api.hm.com/search-services/v1/en_us/listing/resultpage?pageSource=PLP&page=2&sort=RELEVANCE&pageId=/ladies/shop-by-product/tops&page-size=36&categoryId=ladies_tops&facets=colourShades:Indigo&filters=sale:false||oldSale:false&touchPoint=DESKTOP&skipStockCheck=false
Women,Western,Topwear,Tops & T-Shirts,ColourShades,Ivory,https://api.hm.com/search-services/v1/en_us/listing/resultpage?pageSource=PLP&page=2&sort=RELEVANCE&pageId=/ladies/shop-by-product/tops&page-size=36&categoryId=ladies_tops&facets=colourShades:Ivory&filters=sale:false||oldSale:false&touchPoint=DESKTOP&skipStockCheck=false
Women,Western,Topwear,Tops & T-Shirts,ColourShades,Khaki Green,https://api.hm.com/search-services/v1/en_us/listing/resultpage?pageSource=PLP&page=2&sort=RELEVANCE&pageId=/ladies/shop-by-product/tops&page-size=36&categoryId=ladies_tops&facets=colourShades:Khaki green&filters=sale:false||oldSale:false&touchPoint=DESKTOP&skipStockCheck=false
Women,Western,Topwear,Tops & T-Shirts,ColourShades,Lemon,https://api.hm.com/search-services/v1/en_us/listing/resultpage?pageSource=PLP&page=2&sort=RELEVANCE&pageId=/ladies/shop-by-product/tops&page-size=36&categoryId=ladies_tops&facets=colourShades:Lemon&filters=sale:false||oldSale:false&touchPoint=DESKTOP&skipStockCheck=false
Women,Western,Topwear,Tops & T-Shirts,ColourShades,Light Blue,https://api.hm.com/search-services/v1/en_us/listing/resultpage?pageSource=PLP&page=2&sort=RELEVANCE&pageId=/ladies/shop-by-product/tops&page-size=36&categoryId=ladies_tops&facets=colourShades:Light blue&filters=sale:false||oldSale:false&touchPoint=DESKTOP&skipStockCheck=false
Women,Western,Topwear,Tops & T-Shirts,ColourShades,Light Green,https://api.hm.com/search-services/v1/en_us/listing/resultpage?pageSource=PLP&page=2&sort=RELEVANCE&pageId=/ladies/shop-by-product/tops&page-size=36&categoryId=ladies_tops&facets=colourShades:Light green&filters=sale:false||oldSale:false&touchPoint=DESKTOP&skipStockCheck=false
Women,Western,Topwear,Tops & T-Shirts,ColourShades,Light Pink,https://api.hm.com/search-services/v1/en_us/listing/resultpage?pageSource=PLP&page=2&sort=RELEVANCE&pageId=/ladies/shop-by-product/tops&page-size=36&categoryId=ladies_tops&facets=colourShades:Light pink&filters=sale:false||oldSale:false&touchPoint=DESKTOP&skipStockCheck=false
Women,Western,Topwear,Tops & T-Shirts,ColourShades,Light Yellow,https://api.hm.com/search-services/v1/en_us/listing/resultpage?pageSource=PLP&page=2&sort=RELEVANCE&pageId=/ladies/shop-by-product/tops&page-size=36&categoryId=ladies_tops&facets=colourShades:Light yellow&filters=sale:false||oldSale:false&touchPoint=DESKTOP&skipStockCheck=false
Women,Western,Topwear,Tops & T-Shirts,ColourShades,Lime,https://api.hm.com/search-services/v1/en_us/listing/resultpage?pageSource=PLP&page=2&sort=RELEVANCE&pageId=/ladies/shop-by-product/tops&page-size=36&categoryId=ladies_tops&facets=colourShades:Lime&filters=sale:false||oldSale:false&touchPoint=DESKTOP&skipStockCheck=false
Women,Western,Topwear,Tops & T-Shirts,ColourShades,Mahogany,https://api.hm.com/search-services/v1/en_us/listing/resultpage?pageSource=PLP&page=2&sort=RELEVANCE&pageId=/ladies/shop-by-product/tops&page-size=36&categoryId=ladies_tops&facets=colourShades:Mahogany&filters=sale:false||oldSale:false&touchPoint=DESKTOP&skipStockCheck=false
Women,Western,Topwear,Tops & T-Shirts,ColourShades,Maroon,https://api.hm.com/search-services/v1/en_us/listing/resultpage?pageSource=PLP&page=2&sort=RELEVANCE&pageId=/ladies/shop-by-product/tops&page-size=36&categoryId=ladies_tops&facets=colourShades:Maroon&filters=sale:false||oldSale:false&touchPoint=DESKTOP&skipStockCheck=false
Women,Western,Topwear,Tops & T-Shirts,ColourShades,Mint,https://api.hm.com/search-services/v1/en_us/listing/resultpage?pageSource=PLP&page=2&sort=RELEVANCE&pageId=/ladies/shop-by-product/tops&page-size=36&categoryId=ladies_tops&facets=colourShades:Mint&filters=sale:false||oldSale:false&touchPoint=DESKTOP&skipStockCheck=false
Women,Western,Topwear,Tops & T-Shirts,ColourShades,Mustard,https://api.hm.com/search-services/v1/en_us/listing/resultpage?pageSource=PLP&page=2&sort=RELEVANCE&pageId=/ladies/shop-by-product/tops&page-size=36&categoryId=ladies_tops&facets=colourShades:Mustard&filters=sale:false||oldSale:false&touchPoint=DESKTOP&skipStockCheck=false
Women,Western,Topwear,Tops & T-Shirts,ColourShades,Navy Blue,https://api.hm.com/search-services/v1/en_us/listing/resultpage?pageSource=PLP&page=2&sort=RELEVANCE&pageId=/ladies/shop-by-product/tops&page-size=36&categoryId=ladies_tops&facets=colourShades:Navy blue&filters=sale:false||oldSale:false&touchPoint=DESKTOP&skipStockCheck=false
Women,Western,Topwear,Tops & T-Shirts,ColourShades,Neon Green,https://api.hm.com/search-services/v1/en_us/listing/resultpage?pageSource=PLP&page=2&sort=RELEVANCE&pageId=/ladies/shop-by-product/tops&page-size=36&categoryId=ladies_tops&facets=colourShades:Neon green&filters=sale:false||oldSale:false&touchPoint=DESKTOP&skipStockCheck=false
Women,Western,Topwear,Tops & T-Shirts,ColourShades,Neon Pink,https://api.hm.com/search-services/v1/en_us/listing/resultpage?pageSource=PLP&page=2&sort=RELEVANCE&pageId=/ladies/shop-by-product/tops&page-size=36&categoryId=ladies_tops&facets=colourShades:Neon pink&filters=sale:false||oldSale:false&touchPoint=DESKTOP&skipStockCheck=false
Women,Western,Topwear,Tops & T-Shirts,ColourShades,Olive,https://api.hm.com/search-services/v1/en_us/listing/resultpage?pageSource=PLP&page=2&sort=RELEVANCE&pageId=/ladies/shop-by-product/tops&page-size=36&categoryId=ladies_tops&facets=colourShades:Olive&filters=sale:false||oldSale:false&touchPoint=DESKTOP&skipStockCheck=false
Women,Western,Topwear,Tops & T-Shirts,ColourShades,Pastel Blue,https://api.hm.com/search-services/v1/en_us/listing/resultpage?pageSource=PLP&page=2&sort=RELEVANCE&pageId=/ladies/shop-by-product/tops&page-size=36&categoryId=ladies_tops&facets=colourShades:Pastel blue&filters=sale:false||oldSale:false&touchPoint=DESKTOP&skipStockCheck=false
Women,Western,Topwear,Tops & T-Shirts,ColourShades,Pastel Green,https://api.hm.com/search-services/v1/en_us/listing/resultpage?pageSource=PLP&page=2&sort=RELEVANCE&pageId=/ladies/shop-by-product/tops&page-size=36&categoryId=ladies_tops&facets=colourShades:Pastel green&filters=sale:false||oldSale:false&touchPoint=DESKTOP&skipStockCheck=false
Women,Western,Topwear,Tops & T-Shirts,ColourShades,Pastel Pink,https://api.hm.com/search-services/v1/en_us/listing/resultpage?pageSource=PLP&page=2&sort=RELEVANCE&pageId=/ladies/shop-by-product/tops&page-size=36&categoryId=ladies_tops&facets=colourShades:Pastel pink&filters=sale:false||oldSale:false&touchPoint=DESKTOP&skipStockCheck=false
Women,Western,Topwear,Tops & T-Shirts,ColourShades,Pastel Yellow,https://api.hm.com/search-services/v1/en_us/listing/resultpage?pageSource=PLP&page=2&sort=RELEVANCE&pageId=/ladies/shop-by-product/tops&page-size=36&categoryId=ladies_tops&facets=colourShades:Pastel yellow&filters=sale:false||oldSale:false&touchPoint=DESKTOP&skipStockCheck=false
Women,Western,Topwear,Tops & T-Shirts,ColourShades,Peach,https://api.hm.com/search-services/v1/en_us/listing/resultpage?pageSource=PLP&page=2&sort=RELEVANCE&pageId=/ladies/shop-by-product/tops&page-size=36&categoryId=ladies_tops&facets=colourShades:Peach&filters=sale:false||oldSale:false&touchPoint=DESKTOP&skipStockCheck=false
Women,Western,Topwear,Tops & T-Shirts,ColourShades,Rose,https://api.hm.com/search-services/v1/en_us/listing/resultpage?pageSource=PLP&page=2&sort=RELEVANCE&pageId=/ladies/shop-by-product/tops&page-size=36&categoryId=ladies_tops&facets=colourShades:Rose&filters=sale:false||oldSale:false&touchPoint=DESKTOP&skipStockCheck=false
Women,Western,Topwear,Tops & T-Shirts,ColourShades,Royal Blue,https://api.hm.com/search-services/v1/en_us/listing/resultpage?pageSource=PLP&page=2&sort=RELEVANCE&pageId=/ladies/shop-by-product/tops&page-size=36&categoryId=ladies_tops&facets=colourShades:Royal blue&filters=sale:false||oldSale:false&touchPoint=DESKTOP&skipStockCheck=false
Women,Western,Topwear,Tops & T-Shirts,ColourShades,Ruby Red,https://api.hm.com/search-services/v1/en_us/listing/resultpage?pageSource=PLP&page=2&sort=RELEVANCE&pageId=/ladies/shop-by-product/tops&page-size=36&categoryId=ladies_tops&facets=colourShades:Ruby red&filters=sale:false||oldSale:false&touchPoint=DESKTOP&skipStockCheck=false
Women,Western,Topwear,Tops & T-Shirts,ColourShades,Rust,https://api.hm.com/search-services/v1/en_us/listing/resultpage?pageSource=PLP&page=2&sort=RELEVANCE&pageId=/ladies/shop-by-product/tops&page-size=36&categoryId=ladies_tops&facets=colourShades:Rust&filters=sale:false||oldSale:false&touchPoint=DESKTOP&skipStockCheck=false
Women,Western,Topwear,Tops & T-Shirts,ColourShades,Salmon,https://api.hm.com/search-services/v1/en_us/listing/resultpage?pageSource=PLP&page=2&sort=RELEVANCE&pageId=/ladies/shop-by-product/tops&page-size=36&categoryId=ladies_tops&facets=colourShades:Salmon&filters=sale:false||oldSale:false&touchPoint=DESKTOP&skipStockCheck=false
Women,Western,Topwear,Tops & T-Shirts,ColourShades,Sky Blue,https://api.hm.com/search-services/v1/en_us/listing/resultpage?pageSource=PLP&page=2&sort=RELEVANCE&pageId=/ladies/shop-by-product/tops&page-size=36&categoryId=ladies_tops&facets=colourShades:Sky blue&filters=sale:false||oldSale:false&touchPoint=DESKTOP&skipStockCheck=false
Women,Western,Topwear,Tops & T-Shirts,ColourShades,Stone,https://api.hm.com/search-services/v1/en_us/listing/resultpage?pageSource=PLP&page=2&sort=RELEVANCE&pageId=/ladies/shop-by-product/tops&page-size=36&categoryId=ladies_tops&facets=colourShades:Stone&filters=sale:false||oldSale:false&touchPoint=DESKTOP&skipStockCheck=false
Women,Western,Topwear,Tops & T-Shirts,ColourShades,Taupe,https://api.hm.com/search-services/v1/en_us/listing/resultpage?pageSource=PLP&page=2&sort=RELEVANCE&pageId=/ladies/shop-by-product/tops&page-size=36&categoryId=ladies_tops&facets=colourShades:Taupe&filters=sale:false||oldSale:false&touchPoint=DESKTOP&skipStockCheck=false
Women,Western,Topwear,Tops & T-Shirts,ColourShades,Terracotta,https://api.hm.com/search-services/v1/en_us/listing/resultpage?pageSource=PLP&page=2&sort=RELEVANCE&pageId=/ladies/shop-by-product/tops&page-size=36&categoryId=ladies_tops&facets=colourShades:Terracotta&filters=sale:false||oldSale:false&touchPoint=DESKTOP&skipStockCheck=false
Women,Western,Topwear,Tops & T-Shirts,ColourShades,Wheat,https://api.hm.com/search-services/v1/en_us/listing/resultpage?pageSource=PLP&page=2&sort=RELEVANCE&pageId=/ladies/shop-by-product/tops&page-size=36&categoryId=ladies_tops&facets=colourShades:Wheat&filters=sale:false||oldSale:false&touchPoint=DESKTOP&skipStockCheck=false
Women,Western,Topwear,Tops & T-Shirts,ColourShades,White Gray,https://api.hm.com/search-services/v1/en_us/listing/resultpage?pageSource=PLP&page=2&sort=RELEVANCE&pageId=/ladies/shop-by-product/tops&page-size=36&categoryId=ladies_tops&facets=colourShades:White gray&filters=sale:false||oldSale:false&touchPoint=DESKTOP&skipStockCheck=false
Women,Western,Topwear,Tops & T-Shirts,ColourShades,Yellow Gold,https://api.hm.com/search-services/v1/en_us/listing/resultpage?pageSource=PLP&page=2&sort=RELEVANCE&pageId=/ladies/shop-by-product/tops&page-size=36&categoryId=ladies_tops&facets=colourShades:Yellow gold&filters=sale:false||oldSale:false&touchPoint=DESKTOP&skipStockCheck=false
Women,Western,Topwear,Tops & T-Shirts,Sale,False,https://api.hm.com/search-services/v1/en_us/listing/resultpage?pageSource=PLP&page=2&sort=RELEVANCE&pageId=/ladies/shop-by-product/tops&page-size=36&categoryId=ladies_tops&facets=sale:false&filters=sale:false||oldSale:false&touchPoint=DESKTOP&skipStockCheck=false
