Attr_Name,Attr_Value
Occasion,Active & Sport
Occasion,Beach
Occasion,Bride to Be
Occasion,Bridesmaid
Occasion,Casual
Occasion,Cocktail
Occasion,Day
Occasion,Destination Weddings
Occasion,Evening & Formal
Occasion,Garden Party
Occasion,Graduation
Occasion,Mother of the Bride
Occasion,Party
Occasion,Prom
Occasion,Wedding Guest
Occasion,Work
Dress Skirt Length,Above the Knee
Dress Skirt Length,High Low
Dress Skirt Length,Knee Length
Dress Skirt Length,Long/Maxi
Dress Skirt Length,Midi/Tea Length
Dress Skirt Length,Mini
Color,Black
Color,Blue
Color,Brown
Color,Gold
Color,Gray
Color,Green
Color,Ivory/Cream
Color,Multi
Color,Orange
Color,Pink
Color,Purple
Color,Red
Color,Silver
Color,Tan/Beige
Color,White
Color,Yellow
Price,Under $50
Price,$50-$100
Price,$100-$500
Price,$500-$1000
Price,$1000-$5000
Price,$5000 & Over
Sleeve Length,Sleeveless
Sleeve Length,Short Sleeve
Sleeve Length,Long Sleeve
Sleeve Length,3/4 Sleeve
Sleeve Length,One Shoulder
Sleeve Length,Strapless
Dress Style,A-Line
Dress Style,Blazer
Dress Style,Bodycon
Dress Style,Cutouts
Dress Style,Denim
Dress Style,Drop Waist
Dress Style,Embroidered
Dress Style,Fit and Flare
Dress Style,Floral
Dress Style,Gown
Dress Style,Halter
Dress Style,Knit
Dress Style,Lace
Dress Style,Mermaid
Dress Style,Metallic
Dress Style,Mixed Media
Dress Style,Off the Shoulder
Dress Style,One Shoulder
Dress Style,Ruffled
Dress Style,Sequin and Embellished
Dress Style,Sheath
Dress Style,Sheer Dresses
Dress Style,Shift
Dress Style,Shirt
Dress Style,Slip
Dress Style,Sundress
Dress Style,Sweater
Dress Style,T-Shirt Dresses
Dress Style,Tie-Waist and Belted
Dress Style,Wrap
Sales & Offers,"Buy More, Save More"
Sales & Offers,Loyallist Points Offers
Sales & Offers,Offers
Sales & Offers,Sale & Clearance
Sales & Offers,Special Offer
Sales & Offers,The Final Offer
Fabric,Cashmere/Cashmere Blend
Fabric,Chambray
Fabric,Corduroy
Fabric,Cotton/Cotton Blend
Fabric,Crepe
Fabric,Denim
Fabric,Down
Fabric,Faux Fur
Fabric,Faux Leather
Fabric,Faux Suede
Fabric,Fleece
Fabric,Jersey
Fabric,Knit
Fabric,Lace
Fabric,Leather
Fabric,Linen/Linen Blend
Fabric,Merino Wool
Fabric,Mesh
Fabric,Nylon
Fabric,Satin
Fabric,Sequin
Fabric,Silk/Silk Blend
Fabric,Spandex/Lycra
Fabric,Suede
Fabric,Terry
Fabric,Tweed
Fabric,Velvet
Fabric,Wool/Wool Blend
Available for Registry,Yes
Trends,60's Glam
Trends,Animal Print
Trends,Apres Surf
Trends,Boho
Trends,Bubble Hem
Trends,City Chic
Trends,Drop Waist
Trends,Modern Prep
Trends,Modern Romance
Trends,Pastels
