Attr_Name,Attr_Value,Product_Category,Category,Subcategory1,Subcategory2,Subcategory3,Url
Pick Up In-Store,10,Clothing,Women,Western,Outerwear,Blazers,https://www.macys.com/xapi/discover/v1/page?pathname=/shop/womens-clothing/all-womens-clothing/womens-blazers/Upc_bops_purchasable/10&id=55429&_navigationType=BROWSE&_shoppingMode=SITE&sortBy=ORIGINAL&productsPerPage=60&pageIndex=2&_application=SITE&_regionCode=US&currencyCode=USD&size=medium&spItemsVersion=1.1&utagId=0194836e38ce0002d6d827630db105075019e06d00992&visitorId=&customerId=&_deviceType=DESKTOP&_customerState=GUEST
Color,Black,Clothing,Women,Western,Outerwear,Blazers,https://www.macys.com/xapi/discover/v1/page?pathname=/shop/womens-clothing/all-womens-clothing/womens-blazers/Color_normal/Black&id=55429&_navigationType=BROWSE&_shoppingMode=SITE&sortBy=ORIGINAL&productsPerPage=60&pageIndex=2&_application=SITE&_regionCode=US&currencyCode=USD&size=medium&spItemsVersion=1.1&utagId=0194836e38ce0002d6d827630db105075019e06d00992&visitorId=&customerId=&_deviceType=DESKTOP&_customerState=GUEST
Color,Blue,Clothing,Women,Western,Outerwear,Blazers,https://www.macys.com/xapi/discover/v1/page?pathname=/shop/womens-clothing/all-womens-clothing/womens-blazers/Color_normal/Blue&id=55429&_navigationType=BROWSE&_shoppingMode=SITE&sortBy=ORIGINAL&productsPerPage=60&pageIndex=2&_application=SITE&_regionCode=US&currencyCode=USD&size=medium&spItemsVersion=1.1&utagId=0194836e38ce0002d6d827630db105075019e06d00992&visitorId=&customerId=&_deviceType=DESKTOP&_customerState=GUEST
Color,Brown,Clothing,Women,Western,Outerwear,Blazers,https://www.macys.com/xapi/discover/v1/page?pathname=/shop/womens-clothing/all-womens-clothing/womens-blazers/Color_normal/Brown&id=55429&_navigationType=BROWSE&_shoppingMode=SITE&sortBy=ORIGINAL&productsPerPage=60&pageIndex=2&_application=SITE&_regionCode=US&currencyCode=USD&size=medium&spItemsVersion=1.1&utagId=0194836e38ce0002d6d827630db105075019e06d00992&visitorId=&customerId=&_deviceType=DESKTOP&_customerState=GUEST
Color,Gold,Clothing,Women,Western,Outerwear,Blazers,https://www.macys.com/xapi/discover/v1/page?pathname=/shop/womens-clothing/all-womens-clothing/womens-blazers/Color_normal/Gold&id=55429&_navigationType=BROWSE&_shoppingMode=SITE&sortBy=ORIGINAL&productsPerPage=60&pageIndex=2&_application=SITE&_regionCode=US&currencyCode=USD&size=medium&spItemsVersion=1.1&utagId=0194836e38ce0002d6d827630db105075019e06d00992&visitorId=&customerId=&_deviceType=DESKTOP&_customerState=GUEST
Color,Gray,Clothing,Women,Western,Outerwear,Blazers,https://www.macys.com/xapi/discover/v1/page?pathname=/shop/womens-clothing/all-womens-clothing/womens-blazers/Color_normal/Gray&id=55429&_navigationType=BROWSE&_shoppingMode=SITE&sortBy=ORIGINAL&productsPerPage=60&pageIndex=2&_application=SITE&_regionCode=US&currencyCode=USD&size=medium&spItemsVersion=1.1&utagId=0194836e38ce0002d6d827630db105075019e06d00992&visitorId=&customerId=&_deviceType=DESKTOP&_customerState=GUEST
Color,Green,Clothing,Women,Western,Outerwear,Blazers,https://www.macys.com/xapi/discover/v1/page?pathname=/shop/womens-clothing/all-womens-clothing/womens-blazers/Color_normal/Green&id=55429&_navigationType=BROWSE&_shoppingMode=SITE&sortBy=ORIGINAL&productsPerPage=60&pageIndex=2&_application=SITE&_regionCode=US&currencyCode=USD&size=medium&spItemsVersion=1.1&utagId=0194836e38ce0002d6d827630db105075019e06d00992&visitorId=&customerId=&_deviceType=DESKTOP&_customerState=GUEST
Color,Ivory/Cream,Clothing,Women,Western,Outerwear,Blazers,https://www.macys.com/xapi/discover/v1/page?pathname=/shop/womens-clothing/all-womens-clothing/womens-blazers/Color_normal/Ivory%2FCream&id=55429&_navigationType=BROWSE&_shoppingMode=SITE&sortBy=ORIGINAL&productsPerPage=60&pageIndex=2&_application=SITE&_regionCode=US&currencyCode=USD&size=medium&spItemsVersion=1.1&utagId=0194836e38ce0002d6d827630db105075019e06d00992&visitorId=&customerId=&_deviceType=DESKTOP&_customerState=GUEST
Color,Multi,Clothing,Women,Western,Outerwear,Blazers,https://www.macys.com/xapi/discover/v1/page?pathname=/shop/womens-clothing/all-womens-clothing/womens-blazers/Color_normal/Multi&id=55429&_navigationType=BROWSE&_shoppingMode=SITE&sortBy=ORIGINAL&productsPerPage=60&pageIndex=2&_application=SITE&_regionCode=US&currencyCode=USD&size=medium&spItemsVersion=1.1&utagId=0194836e38ce0002d6d827630db105075019e06d00992&visitorId=&customerId=&_deviceType=DESKTOP&_customerState=GUEST
Color,Orange,Clothing,Women,Western,Outerwear,Blazers,https://www.macys.com/xapi/discover/v1/page?pathname=/shop/womens-clothing/all-womens-clothing/womens-blazers/Color_normal/Orange&id=55429&_navigationType=BROWSE&_shoppingMode=SITE&sortBy=ORIGINAL&productsPerPage=60&pageIndex=2&_application=SITE&_regionCode=US&currencyCode=USD&size=medium&spItemsVersion=1.1&utagId=0194836e38ce0002d6d827630db105075019e06d00992&visitorId=&customerId=&_deviceType=DESKTOP&_customerState=GUEST
Color,Pink,Clothing,Women,Western,Outerwear,Blazers,https://www.macys.com/xapi/discover/v1/page?pathname=/shop/womens-clothing/all-womens-clothing/womens-blazers/Color_normal/Pink&id=55429&_navigationType=BROWSE&_shoppingMode=SITE&sortBy=ORIGINAL&productsPerPage=60&pageIndex=2&_application=SITE&_regionCode=US&currencyCode=USD&size=medium&spItemsVersion=1.1&utagId=0194836e38ce0002d6d827630db105075019e06d00992&visitorId=&customerId=&_deviceType=DESKTOP&_customerState=GUEST
Color,Purple,Clothing,Women,Western,Outerwear,Blazers,https://www.macys.com/xapi/discover/v1/page?pathname=/shop/womens-clothing/all-womens-clothing/womens-blazers/Color_normal/Purple&id=55429&_navigationType=BROWSE&_shoppingMode=SITE&sortBy=ORIGINAL&productsPerPage=60&pageIndex=2&_application=SITE&_regionCode=US&currencyCode=USD&size=medium&spItemsVersion=1.1&utagId=0194836e38ce0002d6d827630db105075019e06d00992&visitorId=&customerId=&_deviceType=DESKTOP&_customerState=GUEST
Color,Red,Clothing,Women,Western,Outerwear,Blazers,https://www.macys.com/xapi/discover/v1/page?pathname=/shop/womens-clothing/all-womens-clothing/womens-blazers/Color_normal/Red&id=55429&_navigationType=BROWSE&_shoppingMode=SITE&sortBy=ORIGINAL&productsPerPage=60&pageIndex=2&_application=SITE&_regionCode=US&currencyCode=USD&size=medium&spItemsVersion=1.1&utagId=0194836e38ce0002d6d827630db105075019e06d00992&visitorId=&customerId=&_deviceType=DESKTOP&_customerState=GUEST
Color,Silver,Clothing,Women,Western,Outerwear,Blazers,https://www.macys.com/xapi/discover/v1/page?pathname=/shop/womens-clothing/all-womens-clothing/womens-blazers/Color_normal/Silver&id=55429&_navigationType=BROWSE&_shoppingMode=SITE&sortBy=ORIGINAL&productsPerPage=60&pageIndex=2&_application=SITE&_regionCode=US&currencyCode=USD&size=medium&spItemsVersion=1.1&utagId=0194836e38ce0002d6d827630db105075019e06d00992&visitorId=&customerId=&_deviceType=DESKTOP&_customerState=GUEST
Color,Tan/Beige,Clothing,Women,Western,Outerwear,Blazers,https://www.macys.com/xapi/discover/v1/page?pathname=/shop/womens-clothing/all-womens-clothing/womens-blazers/Color_normal/Tan%2FBeige&id=55429&_navigationType=BROWSE&_shoppingMode=SITE&sortBy=ORIGINAL&productsPerPage=60&pageIndex=2&_application=SITE&_regionCode=US&currencyCode=USD&size=medium&spItemsVersion=1.1&utagId=0194836e38ce0002d6d827630db105075019e06d00992&visitorId=&customerId=&_deviceType=DESKTOP&_customerState=GUEST
Color,White,Clothing,Women,Western,Outerwear,Blazers,https://www.macys.com/xapi/discover/v1/page?pathname=/shop/womens-clothing/all-womens-clothing/womens-blazers/Color_normal/White&id=55429&_navigationType=BROWSE&_shoppingMode=SITE&sortBy=ORIGINAL&productsPerPage=60&pageIndex=2&_application=SITE&_regionCode=US&currencyCode=USD&size=medium&spItemsVersion=1.1&utagId=0194836e38ce0002d6d827630db105075019e06d00992&visitorId=&customerId=&_deviceType=DESKTOP&_customerState=GUEST
Color,Yellow,Clothing,Women,Western,Outerwear,Blazers,https://www.macys.com/xapi/discover/v1/page?pathname=/shop/womens-clothing/all-womens-clothing/womens-blazers/Color_normal/Yellow&id=55429&_navigationType=BROWSE&_shoppingMode=SITE&sortBy=ORIGINAL&productsPerPage=60&pageIndex=2&_application=SITE&_regionCode=US&currencyCode=USD&size=medium&spItemsVersion=1.1&utagId=0194836e38ce0002d6d827630db105075019e06d00992&visitorId=&customerId=&_deviceType=DESKTOP&_customerState=GUEST
Blazer & Sport Coat Type,Belted,Clothing,Women,Western,Outerwear,Blazers,https://www.macys.com/xapi/discover/v1/page?pathname=/shop/womens-clothing/all-womens-clothing/womens-blazers/Blazer_style/Belted&id=55429&_navigationType=BROWSE&_shoppingMode=SITE&sortBy=ORIGINAL&productsPerPage=60&pageIndex=2&_application=SITE&_regionCode=US&currencyCode=USD&size=medium&spItemsVersion=1.1&utagId=0194836e38ce0002d6d827630db105075019e06d00992&visitorId=&customerId=&_deviceType=DESKTOP&_customerState=GUEST
Blazer & Sport Coat Type,Boyfriend,Clothing,Women,Western,Outerwear,Blazers,https://www.macys.com/xapi/discover/v1/page?pathname=/shop/womens-clothing/all-womens-clothing/womens-blazers/Blazer_style/Boyfriend&id=55429&_navigationType=BROWSE&_shoppingMode=SITE&sortBy=ORIGINAL&productsPerPage=60&pageIndex=2&_application=SITE&_regionCode=US&currencyCode=USD&size=medium&spItemsVersion=1.1&utagId=0194836e38ce0002d6d827630db105075019e06d00992&visitorId=&customerId=&_deviceType=DESKTOP&_customerState=GUEST
Blazer & Sport Coat Type,Collarless,Clothing,Women,Western,Outerwear,Blazers,https://www.macys.com/xapi/discover/v1/page?pathname=/shop/womens-clothing/all-womens-clothing/womens-blazers/Blazer_style/Collarless&id=55429&_navigationType=BROWSE&_shoppingMode=SITE&sortBy=ORIGINAL&productsPerPage=60&pageIndex=2&_application=SITE&_regionCode=US&currencyCode=USD&size=medium&spItemsVersion=1.1&utagId=0194836e38ce0002d6d827630db105075019e06d00992&visitorId=&customerId=&_deviceType=DESKTOP&_customerState=GUEST
Blazer & Sport Coat Type,Cropped,Clothing,Women,Western,Outerwear,Blazers,https://www.macys.com/xapi/discover/v1/page?pathname=/shop/womens-clothing/all-womens-clothing/womens-blazers/Blazer_style/Cropped&id=55429&_navigationType=BROWSE&_shoppingMode=SITE&sortBy=ORIGINAL&productsPerPage=60&pageIndex=2&_application=SITE&_regionCode=US&currencyCode=USD&size=medium&spItemsVersion=1.1&utagId=0194836e38ce0002d6d827630db105075019e06d00992&visitorId=&customerId=&_deviceType=DESKTOP&_customerState=GUEST
Blazer & Sport Coat Type,Double Breasted,Clothing,Women,Western,Outerwear,Blazers,https://www.macys.com/xapi/discover/v1/page?pathname=/shop/womens-clothing/all-womens-clothing/womens-blazers/Blazer_style/Double%20Breasted&id=55429&_navigationType=BROWSE&_shoppingMode=SITE&sortBy=ORIGINAL&productsPerPage=60&pageIndex=2&_application=SITE&_regionCode=US&currencyCode=USD&size=medium&spItemsVersion=1.1&utagId=0194836e38ce0002d6d827630db105075019e06d00992&visitorId=&customerId=&_deviceType=DESKTOP&_customerState=GUEST
Blazer & Sport Coat Type,Linen,Clothing,Women,Western,Outerwear,Blazers,https://www.macys.com/xapi/discover/v1/page?pathname=/shop/womens-clothing/all-womens-clothing/womens-blazers/Blazer_style/Linen&id=55429&_navigationType=BROWSE&_shoppingMode=SITE&sortBy=ORIGINAL&productsPerPage=60&pageIndex=2&_application=SITE&_regionCode=US&currencyCode=USD&size=medium&spItemsVersion=1.1&utagId=0194836e38ce0002d6d827630db105075019e06d00992&visitorId=&customerId=&_deviceType=DESKTOP&_customerState=GUEST
Blazer & Sport Coat Type,Oversized,Clothing,Women,Western,Outerwear,Blazers,https://www.macys.com/xapi/discover/v1/page?pathname=/shop/womens-clothing/all-womens-clothing/womens-blazers/Blazer_style/Oversized&id=55429&_navigationType=BROWSE&_shoppingMode=SITE&sortBy=ORIGINAL&productsPerPage=60&pageIndex=2&_application=SITE&_regionCode=US&currencyCode=USD&size=medium&spItemsVersion=1.1&utagId=0194836e38ce0002d6d827630db105075019e06d00992&visitorId=&customerId=&_deviceType=DESKTOP&_customerState=GUEST
Blazer & Sport Coat Type,Single Button,Clothing,Women,Western,Outerwear,Blazers,https://www.macys.com/xapi/discover/v1/page?pathname=/shop/womens-clothing/all-womens-clothing/womens-blazers/Blazer_style/Single%20Button&id=55429&_navigationType=BROWSE&_shoppingMode=SITE&sortBy=ORIGINAL&productsPerPage=60&pageIndex=2&_application=SITE&_regionCode=US&currencyCode=USD&size=medium&spItemsVersion=1.1&utagId=0194836e38ce0002d6d827630db105075019e06d00992&visitorId=&customerId=&_deviceType=DESKTOP&_customerState=GUEST
Blazer & Sport Coat Type,Statement,Clothing,Women,Western,Outerwear,Blazers,https://www.macys.com/xapi/discover/v1/page?pathname=/shop/womens-clothing/all-womens-clothing/womens-blazers/Blazer_style/Statement&id=55429&_navigationType=BROWSE&_shoppingMode=SITE&sortBy=ORIGINAL&productsPerPage=60&pageIndex=2&_application=SITE&_regionCode=US&currencyCode=USD&size=medium&spItemsVersion=1.1&utagId=0194836e38ce0002d6d827630db105075019e06d00992&visitorId=&customerId=&_deviceType=DESKTOP&_customerState=GUEST
Brand,'47 Brand,Clothing,Women,Western,Outerwear,Blazers,https://www.macys.com/xapi/discover/v1/page?pathname=/shop/womens-clothing/all-womens-clothing/womens-blazers/Brand/%2747%20Brand&id=55429&_navigationType=BROWSE&_shoppingMode=SITE&sortBy=ORIGINAL&productsPerPage=60&pageIndex=2&_application=SITE&_regionCode=US&currencyCode=USD&size=medium&spItemsVersion=1.1&utagId=0194836e38ce0002d6d827630db105075019e06d00992&visitorId=&customerId=&_deviceType=DESKTOP&_customerState=GUEST
Brand,1.STATE,Clothing,Women,Western,Outerwear,Blazers,https://www.macys.com/xapi/discover/v1/page?pathname=/shop/womens-clothing/all-womens-clothing/womens-blazers/Brand/1.STATE&id=55429&_navigationType=BROWSE&_shoppingMode=SITE&sortBy=ORIGINAL&productsPerPage=60&pageIndex=2&_application=SITE&_regionCode=US&currencyCode=USD&size=medium&spItemsVersion=1.1&utagId=0194836e38ce0002d6d827630db105075019e06d00992&visitorId=&customerId=&_deviceType=DESKTOP&_customerState=GUEST
Brand,Adrianna by Adrianna Papell,Clothing,Women,Western,Outerwear,Blazers,https://www.macys.com/xapi/discover/v1/page?pathname=/shop/womens-clothing/all-womens-clothing/womens-blazers/Brand/Adrianna%20by%20Adrianna%20Papell&id=55429&_navigationType=BROWSE&_shoppingMode=SITE&sortBy=ORIGINAL&productsPerPage=60&pageIndex=2&_application=SITE&_regionCode=US&currencyCode=USD&size=medium&spItemsVersion=1.1&utagId=0194836e38ce0002d6d827630db105075019e06d00992&visitorId=&customerId=&_deviceType=DESKTOP&_customerState=GUEST
Brand,Adrianna Papell,Clothing,Women,Western,Outerwear,Blazers,https://www.macys.com/xapi/discover/v1/page?pathname=/shop/womens-clothing/all-womens-clothing/womens-blazers/Brand/Adrianna%20Papell&id=55429&_navigationType=BROWSE&_shoppingMode=SITE&sortBy=ORIGINAL&productsPerPage=60&pageIndex=2&_application=SITE&_regionCode=US&currencyCode=USD&size=medium&spItemsVersion=1.1&utagId=0194836e38ce0002d6d827630db105075019e06d00992&visitorId=&customerId=&_deviceType=DESKTOP&_customerState=GUEST
Brand,AK Anne Klein,Clothing,Women,Western,Outerwear,Blazers,https://www.macys.com/xapi/discover/v1/page?pathname=/shop/womens-clothing/all-womens-clothing/womens-blazers/Brand/AK%20Anne%20Klein&id=55429&_navigationType=BROWSE&_shoppingMode=SITE&sortBy=ORIGINAL&productsPerPage=60&pageIndex=2&_application=SITE&_regionCode=US&currencyCode=USD&size=medium&spItemsVersion=1.1&utagId=0194836e38ce0002d6d827630db105075019e06d00992&visitorId=&customerId=&_deviceType=DESKTOP&_customerState=GUEST
Brand,Alex & Sophia,Clothing,Women,Western,Outerwear,Blazers,https://www.macys.com/xapi/discover/v1/page?pathname=/shop/womens-clothing/all-womens-clothing/womens-blazers/Brand/Alex%20%26%20Sophia&id=55429&_navigationType=BROWSE&_shoppingMode=SITE&sortBy=ORIGINAL&productsPerPage=60&pageIndex=2&_application=SITE&_regionCode=US&currencyCode=USD&size=medium&spItemsVersion=1.1&utagId=0194836e38ce0002d6d827630db105075019e06d00992&visitorId=&customerId=&_deviceType=DESKTOP&_customerState=GUEST
Brand,Alex Evenings,Clothing,Women,Western,Outerwear,Blazers,https://www.macys.com/xapi/discover/v1/page?pathname=/shop/womens-clothing/all-womens-clothing/womens-blazers/Brand/Alex%20Evenings&id=55429&_navigationType=BROWSE&_shoppingMode=SITE&sortBy=ORIGINAL&productsPerPage=60&pageIndex=2&_application=SITE&_regionCode=US&currencyCode=USD&size=medium&spItemsVersion=1.1&utagId=0194836e38ce0002d6d827630db105075019e06d00992&visitorId=&customerId=&_deviceType=DESKTOP&_customerState=GUEST
Brand,Alfred Dunner,Clothing,Women,Western,Outerwear,Blazers,https://www.macys.com/xapi/discover/v1/page?pathname=/shop/womens-clothing/all-womens-clothing/womens-blazers/Brand/Alfred%20Dunner&id=55429&_navigationType=BROWSE&_shoppingMode=SITE&sortBy=ORIGINAL&productsPerPage=60&pageIndex=2&_application=SITE&_regionCode=US&currencyCode=USD&size=medium&spItemsVersion=1.1&utagId=0194836e38ce0002d6d827630db105075019e06d00992&visitorId=&customerId=&_deviceType=DESKTOP&_customerState=GUEST
Brand,ALOHAS,Clothing,Women,Western,Outerwear,Blazers,https://www.macys.com/xapi/discover/v1/page?pathname=/shop/womens-clothing/all-womens-clothing/womens-blazers/Brand/ALOHAS&id=55429&_navigationType=BROWSE&_shoppingMode=SITE&sortBy=ORIGINAL&productsPerPage=60&pageIndex=2&_application=SITE&_regionCode=US&currencyCode=USD&size=medium&spItemsVersion=1.1&utagId=0194836e38ce0002d6d827630db105075019e06d00992&visitorId=&customerId=&_deviceType=DESKTOP&_customerState=GUEST
Brand,Amalli Talli,Clothing,Women,Western,Outerwear,Blazers,https://www.macys.com/xapi/discover/v1/page?pathname=/shop/womens-clothing/all-womens-clothing/womens-blazers/Brand/Amalli%20Talli&id=55429&_navigationType=BROWSE&_shoppingMode=SITE&sortBy=ORIGINAL&productsPerPage=60&pageIndex=2&_application=SITE&_regionCode=US&currencyCode=USD&size=medium&spItemsVersion=1.1&utagId=0194836e38ce0002d6d827630db105075019e06d00992&visitorId=&customerId=&_deviceType=DESKTOP&_customerState=GUEST
Brand,Anne Klein,Clothing,Women,Western,Outerwear,Blazers,https://www.macys.com/xapi/discover/v1/page?pathname=/shop/womens-clothing/all-womens-clothing/womens-blazers/Brand/Anne%20Klein&id=55429&_navigationType=BROWSE&_shoppingMode=SITE&sortBy=ORIGINAL&productsPerPage=60&pageIndex=2&_application=SITE&_regionCode=US&currencyCode=USD&size=medium&spItemsVersion=1.1&utagId=0194836e38ce0002d6d827630db105075019e06d00992&visitorId=&customerId=&_deviceType=DESKTOP&_customerState=GUEST
Brand,ASTR the Label,Clothing,Women,Western,Outerwear,Blazers,https://www.macys.com/xapi/discover/v1/page?pathname=/shop/womens-clothing/all-womens-clothing/womens-blazers/Brand/ASTR%20the%20Label&id=55429&_navigationType=BROWSE&_shoppingMode=SITE&sortBy=ORIGINAL&productsPerPage=60&pageIndex=2&_application=SITE&_regionCode=US&currencyCode=USD&size=medium&spItemsVersion=1.1&utagId=0194836e38ce0002d6d827630db105075019e06d00992&visitorId=&customerId=&_deviceType=DESKTOP&_customerState=GUEST
Brand,Avec Les Filles,Clothing,Women,Western,Outerwear,Blazers,https://www.macys.com/xapi/discover/v1/page?pathname=/shop/womens-clothing/all-womens-clothing/womens-blazers/Brand/Avec%20Les%20Filles&id=55429&_navigationType=BROWSE&_shoppingMode=SITE&sortBy=ORIGINAL&productsPerPage=60&pageIndex=2&_application=SITE&_regionCode=US&currencyCode=USD&size=medium&spItemsVersion=1.1&utagId=0194836e38ce0002d6d827630db105075019e06d00992&visitorId=&customerId=&_deviceType=DESKTOP&_customerState=GUEST
Brand,Bar III,Clothing,Women,Western,Outerwear,Blazers,https://www.macys.com/xapi/discover/v1/page?pathname=/shop/womens-clothing/all-womens-clothing/womens-blazers/Brand/Bar%20III&id=55429&_navigationType=BROWSE&_shoppingMode=SITE&sortBy=ORIGINAL&productsPerPage=60&pageIndex=2&_application=SITE&_regionCode=US&currencyCode=USD&size=medium&spItemsVersion=1.1&utagId=0194836e38ce0002d6d827630db105075019e06d00992&visitorId=&customerId=&_deviceType=DESKTOP&_customerState=GUEST
Brand,Bardot,Clothing,Women,Western,Outerwear,Blazers,https://www.macys.com/xapi/discover/v1/page?pathname=/shop/womens-clothing/all-womens-clothing/womens-blazers/Brand/Bardot&id=55429&_navigationType=BROWSE&_shoppingMode=SITE&sortBy=ORIGINAL&productsPerPage=60&pageIndex=2&_application=SITE&_regionCode=US&currencyCode=USD&size=medium&spItemsVersion=1.1&utagId=0194836e38ce0002d6d827630db105075019e06d00992&visitorId=&customerId=&_deviceType=DESKTOP&_customerState=GUEST
Brand,BCBG NEW YORK,Clothing,Women,Western,Outerwear,Blazers,https://www.macys.com/xapi/discover/v1/page?pathname=/shop/womens-clothing/all-womens-clothing/womens-blazers/Brand/BCBG%20NEW%20YORK&id=55429&_navigationType=BROWSE&_shoppingMode=SITE&sortBy=ORIGINAL&productsPerPage=60&pageIndex=2&_application=SITE&_regionCode=US&currencyCode=USD&size=medium&spItemsVersion=1.1&utagId=0194836e38ce0002d6d827630db105075019e06d00992&visitorId=&customerId=&_deviceType=DESKTOP&_customerState=GUEST
Brand,BCX,Clothing,Women,Western,Outerwear,Blazers,https://www.macys.com/xapi/discover/v1/page?pathname=/shop/womens-clothing/all-womens-clothing/womens-blazers/Brand/BCX&id=55429&_navigationType=BROWSE&_shoppingMode=SITE&sortBy=ORIGINAL&productsPerPage=60&pageIndex=2&_application=SITE&_regionCode=US&currencyCode=USD&size=medium&spItemsVersion=1.1&utagId=0194836e38ce0002d6d827630db105075019e06d00992&visitorId=&customerId=&_deviceType=DESKTOP&_customerState=GUEST
Brand,Bebe,Clothing,Women,Western,Outerwear,Blazers,https://www.macys.com/xapi/discover/v1/page?pathname=/shop/womens-clothing/all-womens-clothing/womens-blazers/Brand/Bebe&id=55429&_navigationType=BROWSE&_shoppingMode=SITE&sortBy=ORIGINAL&productsPerPage=60&pageIndex=2&_application=SITE&_regionCode=US&currencyCode=USD&size=medium&spItemsVersion=1.1&utagId=0194836e38ce0002d6d827630db105075019e06d00992&visitorId=&customerId=&_deviceType=DESKTOP&_customerState=GUEST
Brand,Belldini,Clothing,Women,Western,Outerwear,Blazers,https://www.macys.com/xapi/discover/v1/page?pathname=/shop/womens-clothing/all-womens-clothing/womens-blazers/Brand/Belldini&id=55429&_navigationType=BROWSE&_shoppingMode=SITE&sortBy=ORIGINAL&productsPerPage=60&pageIndex=2&_application=SITE&_regionCode=US&currencyCode=USD&size=medium&spItemsVersion=1.1&utagId=0194836e38ce0002d6d827630db105075019e06d00992&visitorId=&customerId=&_deviceType=DESKTOP&_customerState=GUEST
Brand,Belle & Bloom,Clothing,Women,Western,Outerwear,Blazers,https://www.macys.com/xapi/discover/v1/page?pathname=/shop/womens-clothing/all-womens-clothing/womens-blazers/Brand/Belle%20%26%20Bloom&id=55429&_navigationType=BROWSE&_shoppingMode=SITE&sortBy=ORIGINAL&productsPerPage=60&pageIndex=2&_application=SITE&_regionCode=US&currencyCode=USD&size=medium&spItemsVersion=1.1&utagId=0194836e38ce0002d6d827630db105075019e06d00992&visitorId=&customerId=&_deviceType=DESKTOP&_customerState=GUEST
Brand,Bernardo,Clothing,Women,Western,Outerwear,Blazers,https://www.macys.com/xapi/discover/v1/page?pathname=/shop/womens-clothing/all-womens-clothing/womens-blazers/Brand/Bernardo&id=55429&_navigationType=BROWSE&_shoppingMode=SITE&sortBy=ORIGINAL&productsPerPage=60&pageIndex=2&_application=SITE&_regionCode=US&currencyCode=USD&size=medium&spItemsVersion=1.1&utagId=0194836e38ce0002d6d827630db105075019e06d00992&visitorId=&customerId=&_deviceType=DESKTOP&_customerState=GUEST
Brand,BGSD,Clothing,Women,Western,Outerwear,Blazers,https://www.macys.com/xapi/discover/v1/page?pathname=/shop/womens-clothing/all-womens-clothing/womens-blazers/Brand/BGSD&id=55429&_navigationType=BROWSE&_shoppingMode=SITE&sortBy=ORIGINAL&productsPerPage=60&pageIndex=2&_application=SITE&_regionCode=US&currencyCode=USD&size=medium&spItemsVersion=1.1&utagId=0194836e38ce0002d6d827630db105075019e06d00992&visitorId=&customerId=&_deviceType=DESKTOP&_customerState=GUEST
Brand,BOSS Orange,Clothing,Women,Western,Outerwear,Blazers,https://www.macys.com/xapi/discover/v1/page?pathname=/shop/womens-clothing/all-womens-clothing/womens-blazers/Brand/BOSS%20Orange&id=55429&_navigationType=BROWSE&_shoppingMode=SITE&sortBy=ORIGINAL&productsPerPage=60&pageIndex=2&_application=SITE&_regionCode=US&currencyCode=USD&size=medium&spItemsVersion=1.1&utagId=0194836e38ce0002d6d827630db105075019e06d00992&visitorId=&customerId=&_deviceType=DESKTOP&_customerState=GUEST
Brand,Caldwell Collection,Clothing,Women,Western,Outerwear,Blazers,https://www.macys.com/xapi/discover/v1/page?pathname=/shop/womens-clothing/all-womens-clothing/womens-blazers/Brand/Caldwell%20Collection&id=55429&_navigationType=BROWSE&_shoppingMode=SITE&sortBy=ORIGINAL&productsPerPage=60&pageIndex=2&_application=SITE&_regionCode=US&currencyCode=USD&size=medium&spItemsVersion=1.1&utagId=0194836e38ce0002d6d827630db105075019e06d00992&visitorId=&customerId=&_deviceType=DESKTOP&_customerState=GUEST
Brand,Calvin Klein,Clothing,Women,Western,Outerwear,Blazers,https://www.macys.com/xapi/discover/v1/page?pathname=/shop/womens-clothing/all-womens-clothing/womens-blazers/Brand/Calvin%20Klein&id=55429&_navigationType=BROWSE&_shoppingMode=SITE&sortBy=ORIGINAL&productsPerPage=60&pageIndex=2&_application=SITE&_regionCode=US&currencyCode=USD&size=medium&spItemsVersion=1.1&utagId=0194836e38ce0002d6d827630db105075019e06d00992&visitorId=&customerId=&_deviceType=DESKTOP&_customerState=GUEST
Brand,Capsule 121,Clothing,Women,Western,Outerwear,Blazers,https://www.macys.com/xapi/discover/v1/page?pathname=/shop/womens-clothing/all-womens-clothing/womens-blazers/Brand/Capsule%20121&id=55429&_navigationType=BROWSE&_shoppingMode=SITE&sortBy=ORIGINAL&productsPerPage=60&pageIndex=2&_application=SITE&_regionCode=US&currencyCode=USD&size=medium&spItemsVersion=1.1&utagId=0194836e38ce0002d6d827630db105075019e06d00992&visitorId=&customerId=&_deviceType=DESKTOP&_customerState=GUEST
Brand,CeCe,Clothing,Women,Western,Outerwear,Blazers,https://www.macys.com/xapi/discover/v1/page?pathname=/shop/womens-clothing/all-womens-clothing/womens-blazers/Brand/CeCe&id=55429&_navigationType=BROWSE&_shoppingMode=SITE&sortBy=ORIGINAL&productsPerPage=60&pageIndex=2&_application=SITE&_regionCode=US&currencyCode=USD&size=medium&spItemsVersion=1.1&utagId=0194836e38ce0002d6d827630db105075019e06d00992&visitorId=&customerId=&_deviceType=DESKTOP&_customerState=GUEST
Brand,Charter Club,Clothing,Women,Western,Outerwear,Blazers,https://www.macys.com/xapi/discover/v1/page?pathname=/shop/womens-clothing/all-womens-clothing/womens-blazers/Brand/Charter%20Club&id=55429&_navigationType=BROWSE&_shoppingMode=SITE&sortBy=ORIGINAL&productsPerPage=60&pageIndex=2&_application=SITE&_regionCode=US&currencyCode=USD&size=medium&spItemsVersion=1.1&utagId=0194836e38ce0002d6d827630db105075019e06d00992&visitorId=&customerId=&_deviceType=DESKTOP&_customerState=GUEST
Brand,Chinti and Parker,Clothing,Women,Western,Outerwear,Blazers,https://www.macys.com/xapi/discover/v1/page?pathname=/shop/womens-clothing/all-womens-clothing/womens-blazers/Brand/Chinti%20and%20Parker&id=55429&_navigationType=BROWSE&_shoppingMode=SITE&sortBy=ORIGINAL&productsPerPage=60&pageIndex=2&_application=SITE&_regionCode=US&currencyCode=USD&size=medium&spItemsVersion=1.1&utagId=0194836e38ce0002d6d827630db105075019e06d00992&visitorId=&customerId=&_deviceType=DESKTOP&_customerState=GUEST
Brand,CITY CHIC,Clothing,Women,Western,Outerwear,Blazers,https://www.macys.com/xapi/discover/v1/page?pathname=/shop/womens-clothing/all-womens-clothing/womens-blazers/Brand/CITY%20CHIC&id=55429&_navigationType=BROWSE&_shoppingMode=SITE&sortBy=ORIGINAL&productsPerPage=60&pageIndex=2&_application=SITE&_regionCode=US&currencyCode=USD&size=medium&spItemsVersion=1.1&utagId=0194836e38ce0002d6d827630db105075019e06d00992&visitorId=&customerId=&_deviceType=DESKTOP&_customerState=GUEST
Brand,City Studios,Clothing,Women,Western,Outerwear,Blazers,https://www.macys.com/xapi/discover/v1/page?pathname=/shop/womens-clothing/all-womens-clothing/womens-blazers/Brand/City%20Studios&id=55429&_navigationType=BROWSE&_shoppingMode=SITE&sortBy=ORIGINAL&productsPerPage=60&pageIndex=2&_application=SITE&_regionCode=US&currencyCode=USD&size=medium&spItemsVersion=1.1&utagId=0194836e38ce0002d6d827630db105075019e06d00992&visitorId=&customerId=&_deviceType=DESKTOP&_customerState=GUEST
Brand,College Concepts,Clothing,Women,Western,Outerwear,Blazers,https://www.macys.com/xapi/discover/v1/page?pathname=/shop/womens-clothing/all-womens-clothing/womens-blazers/Brand/College%20Concepts&id=55429&_navigationType=BROWSE&_shoppingMode=SITE&sortBy=ORIGINAL&productsPerPage=60&pageIndex=2&_application=SITE&_regionCode=US&currencyCode=USD&size=medium&spItemsVersion=1.1&utagId=0194836e38ce0002d6d827630db105075019e06d00992&visitorId=&customerId=&_deviceType=DESKTOP&_customerState=GUEST
Brand,Concepts Sport,Clothing,Women,Western,Outerwear,Blazers,https://www.macys.com/xapi/discover/v1/page?pathname=/shop/womens-clothing/all-womens-clothing/womens-blazers/Brand/Concepts%20Sport&id=55429&_navigationType=BROWSE&_shoppingMode=SITE&sortBy=ORIGINAL&productsPerPage=60&pageIndex=2&_application=SITE&_regionCode=US&currencyCode=USD&size=medium&spItemsVersion=1.1&utagId=0194836e38ce0002d6d827630db105075019e06d00992&visitorId=&customerId=&_deviceType=DESKTOP&_customerState=GUEST
Brand,CRESCENT,Clothing,Women,Western,Outerwear,Blazers,https://www.macys.com/xapi/discover/v1/page?pathname=/shop/womens-clothing/all-womens-clothing/womens-blazers/Brand/CRESCENT&id=55429&_navigationType=BROWSE&_shoppingMode=SITE&sortBy=ORIGINAL&productsPerPage=60&pageIndex=2&_application=SITE&_regionCode=US&currencyCode=USD&size=medium&spItemsVersion=1.1&utagId=0194836e38ce0002d6d827630db105075019e06d00992&visitorId=&customerId=&_deviceType=DESKTOP&_customerState=GUEST
Brand,CUPSHE,Clothing,Women,Western,Outerwear,Blazers,https://www.macys.com/xapi/discover/v1/page?pathname=/shop/womens-clothing/all-womens-clothing/womens-blazers/Brand/CUPSHE&id=55429&_navigationType=BROWSE&_shoppingMode=SITE&sortBy=ORIGINAL&productsPerPage=60&pageIndex=2&_application=SITE&_regionCode=US&currencyCode=USD&size=medium&spItemsVersion=1.1&utagId=0194836e38ce0002d6d827630db105075019e06d00992&visitorId=&customerId=&_deviceType=DESKTOP&_customerState=GUEST
Brand,Desigual,Clothing,Women,Western,Outerwear,Blazers,https://www.macys.com/xapi/discover/v1/page?pathname=/shop/womens-clothing/all-womens-clothing/womens-blazers/Brand/Desigual&id=55429&_navigationType=BROWSE&_shoppingMode=SITE&sortBy=ORIGINAL&productsPerPage=60&pageIndex=2&_application=SITE&_regionCode=US&currencyCode=USD&size=medium&spItemsVersion=1.1&utagId=0194836e38ce0002d6d827630db105075019e06d00992&visitorId=&customerId=&_deviceType=DESKTOP&_customerState=GUEST
Brand,Disney | Macy's,Clothing,Women,Western,Outerwear,Blazers,https://www.macys.com/xapi/discover/v1/page?pathname=/shop/womens-clothing/all-womens-clothing/womens-blazers/Brand/Disney%20%257C%20Macy%27s&id=55429&_navigationType=BROWSE&_shoppingMode=SITE&sortBy=ORIGINAL&productsPerPage=60&pageIndex=2&_application=SITE&_regionCode=US&currencyCode=USD&size=medium&spItemsVersion=1.1&utagId=0194836e38ce0002d6d827630db105075019e06d00992&visitorId=&customerId=&_deviceType=DESKTOP&_customerState=GUEST
Brand,DKNY,Clothing,Women,Western,Outerwear,Blazers,https://www.macys.com/xapi/discover/v1/page?pathname=/shop/womens-clothing/all-womens-clothing/womens-blazers/Brand/DKNY&id=55429&_navigationType=BROWSE&_shoppingMode=SITE&sortBy=ORIGINAL&productsPerPage=60&pageIndex=2&_application=SITE&_regionCode=US&currencyCode=USD&size=medium&spItemsVersion=1.1&utagId=0194836e38ce0002d6d827630db105075019e06d00992&visitorId=&customerId=&_deviceType=DESKTOP&_customerState=GUEST
Brand,DKNY Jeans,Clothing,Women,Western,Outerwear,Blazers,https://www.macys.com/xapi/discover/v1/page?pathname=/shop/womens-clothing/all-womens-clothing/womens-blazers/Brand/DKNY%20Jeans&id=55429&_navigationType=BROWSE&_shoppingMode=SITE&sortBy=ORIGINAL&productsPerPage=60&pageIndex=2&_application=SITE&_regionCode=US&currencyCode=USD&size=medium&spItemsVersion=1.1&utagId=0194836e38ce0002d6d827630db105075019e06d00992&visitorId=&customerId=&_deviceType=DESKTOP&_customerState=GUEST
Brand,Donna Karan New York,Clothing,Women,Western,Outerwear,Blazers,https://www.macys.com/xapi/discover/v1/page?pathname=/shop/womens-clothing/all-womens-clothing/womens-blazers/Brand/Donna%20Karan%20New%20York&id=55429&_navigationType=BROWSE&_shoppingMode=SITE&sortBy=ORIGINAL&productsPerPage=60&pageIndex=2&_application=SITE&_regionCode=US&currencyCode=USD&size=medium&spItemsVersion=1.1&utagId=0194836e38ce0002d6d827630db105075019e06d00992&visitorId=&customerId=&_deviceType=DESKTOP&_customerState=GUEST
Brand,Elan,Clothing,Women,Western,Outerwear,Blazers,https://www.macys.com/xapi/discover/v1/page?pathname=/shop/womens-clothing/all-womens-clothing/womens-blazers/Brand/Elan&id=55429&_navigationType=BROWSE&_shoppingMode=SITE&sortBy=ORIGINAL&productsPerPage=60&pageIndex=2&_application=SITE&_regionCode=US&currencyCode=USD&size=medium&spItemsVersion=1.1&utagId=0194836e38ce0002d6d827630db105075019e06d00992&visitorId=&customerId=&_deviceType=DESKTOP&_customerState=GUEST
Brand,ELLA Rafaella,Clothing,Women,Western,Outerwear,Blazers,https://www.macys.com/xapi/discover/v1/page?pathname=/shop/womens-clothing/all-womens-clothing/womens-blazers/Brand/ELLA%20Rafaella&id=55429&_navigationType=BROWSE&_shoppingMode=SITE&sortBy=ORIGINAL&productsPerPage=60&pageIndex=2&_application=SITE&_regionCode=US&currencyCode=USD&size=medium&spItemsVersion=1.1&utagId=0194836e38ce0002d6d827630db105075019e06d00992&visitorId=&customerId=&_deviceType=DESKTOP&_customerState=GUEST
Brand,Ellen Tracy,Clothing,Women,Western,Outerwear,Blazers,https://www.macys.com/xapi/discover/v1/page?pathname=/shop/womens-clothing/all-womens-clothing/womens-blazers/Brand/Ellen%20Tracy&id=55429&_navigationType=BROWSE&_shoppingMode=SITE&sortBy=ORIGINAL&productsPerPage=60&pageIndex=2&_application=SITE&_regionCode=US&currencyCode=USD&size=medium&spItemsVersion=1.1&utagId=0194836e38ce0002d6d827630db105075019e06d00992&visitorId=&customerId=&_deviceType=DESKTOP&_customerState=GUEST
Brand,ELOQUII,Clothing,Women,Western,Outerwear,Blazers,https://www.macys.com/xapi/discover/v1/page?pathname=/shop/womens-clothing/all-womens-clothing/womens-blazers/Brand/ELOQUII&id=55429&_navigationType=BROWSE&_shoppingMode=SITE&sortBy=ORIGINAL&productsPerPage=60&pageIndex=2&_application=SITE&_regionCode=US&currencyCode=USD&size=medium&spItemsVersion=1.1&utagId=0194836e38ce0002d6d827630db105075019e06d00992&visitorId=&customerId=&_deviceType=DESKTOP&_customerState=GUEST
Brand,Emilia George,Clothing,Women,Western,Outerwear,Blazers,https://www.macys.com/xapi/discover/v1/page?pathname=/shop/womens-clothing/all-womens-clothing/womens-blazers/Brand/Emilia%20George&id=55429&_navigationType=BROWSE&_shoppingMode=SITE&sortBy=ORIGINAL&productsPerPage=60&pageIndex=2&_application=SITE&_regionCode=US&currencyCode=USD&size=medium&spItemsVersion=1.1&utagId=0194836e38ce0002d6d827630db105075019e06d00992&visitorId=&customerId=&_deviceType=DESKTOP&_customerState=GUEST
Brand,endless rose,Clothing,Women,Western,Outerwear,Blazers,https://www.macys.com/xapi/discover/v1/page?pathname=/shop/womens-clothing/all-womens-clothing/womens-blazers/Brand/endless%20rose&id=55429&_navigationType=BROWSE&_shoppingMode=SITE&sortBy=ORIGINAL&productsPerPage=60&pageIndex=2&_application=SITE&_regionCode=US&currencyCode=USD&size=medium&spItemsVersion=1.1&utagId=0194836e38ce0002d6d827630db105075019e06d00992&visitorId=&customerId=&_deviceType=DESKTOP&_customerState=GUEST
Brand,English Factory,Clothing,Women,Western,Outerwear,Blazers,https://www.macys.com/xapi/discover/v1/page?pathname=/shop/womens-clothing/all-womens-clothing/womens-blazers/Brand/English%20Factory&id=55429&_navigationType=BROWSE&_shoppingMode=SITE&sortBy=ORIGINAL&productsPerPage=60&pageIndex=2&_application=SITE&_regionCode=US&currencyCode=USD&size=medium&spItemsVersion=1.1&utagId=0194836e38ce0002d6d827630db105075019e06d00992&visitorId=&customerId=&_deviceType=DESKTOP&_customerState=GUEST
Brand,Fanatics,Clothing,Women,Western,Outerwear,Blazers,https://www.macys.com/xapi/discover/v1/page?pathname=/shop/womens-clothing/all-womens-clothing/womens-blazers/Brand/Fanatics&id=55429&_navigationType=BROWSE&_shoppingMode=SITE&sortBy=ORIGINAL&productsPerPage=60&pageIndex=2&_application=SITE&_regionCode=US&currencyCode=USD&size=medium&spItemsVersion=1.1&utagId=0194836e38ce0002d6d827630db105075019e06d00992&visitorId=&customerId=&_deviceType=DESKTOP&_customerState=GUEST
Brand,FISLL,Clothing,Women,Western,Outerwear,Blazers,https://www.macys.com/xapi/discover/v1/page?pathname=/shop/womens-clothing/all-womens-clothing/womens-blazers/Brand/FISLL&id=55429&_navigationType=BROWSE&_shoppingMode=SITE&sortBy=ORIGINAL&productsPerPage=60&pageIndex=2&_application=SITE&_regionCode=US&currencyCode=USD&size=medium&spItemsVersion=1.1&utagId=0194836e38ce0002d6d827630db105075019e06d00992&visitorId=&customerId=&_deviceType=DESKTOP&_customerState=GUEST
Brand,FOCO,Clothing,Women,Western,Outerwear,Blazers,https://www.macys.com/xapi/discover/v1/page?pathname=/shop/womens-clothing/all-womens-clothing/womens-blazers/Brand/FOCO&id=55429&_navigationType=BROWSE&_shoppingMode=SITE&sortBy=ORIGINAL&productsPerPage=60&pageIndex=2&_application=SITE&_regionCode=US&currencyCode=USD&size=medium&spItemsVersion=1.1&utagId=0194836e38ce0002d6d827630db105075019e06d00992&visitorId=&customerId=&_deviceType=DESKTOP&_customerState=GUEST
Brand,French Connection,Clothing,Women,Western,Outerwear,Blazers,https://www.macys.com/xapi/discover/v1/page?pathname=/shop/womens-clothing/all-womens-clothing/womens-blazers/Brand/French%20Connection&id=55429&_navigationType=BROWSE&_shoppingMode=SITE&sortBy=ORIGINAL&productsPerPage=60&pageIndex=2&_application=SITE&_regionCode=US&currencyCode=USD&size=medium&spItemsVersion=1.1&utagId=0194836e38ce0002d6d827630db105075019e06d00992&visitorId=&customerId=&_deviceType=DESKTOP&_customerState=GUEST
Brand,Furniq UK,Clothing,Women,Western,Outerwear,Blazers,https://www.macys.com/xapi/discover/v1/page?pathname=/shop/womens-clothing/all-womens-clothing/womens-blazers/Brand/Furniq%20UK&id=55429&_navigationType=BROWSE&_shoppingMode=SITE&sortBy=ORIGINAL&productsPerPage=60&pageIndex=2&_application=SITE&_regionCode=US&currencyCode=USD&size=medium&spItemsVersion=1.1&utagId=0194836e38ce0002d6d827630db105075019e06d00992&visitorId=&customerId=&_deviceType=DESKTOP&_customerState=GUEST
Brand,G-III 4Her by Carl Banks,Clothing,Women,Western,Outerwear,Blazers,https://www.macys.com/xapi/discover/v1/page?pathname=/shop/womens-clothing/all-womens-clothing/womens-blazers/Brand/G-III%204Her%20by%20Carl%20Banks&id=55429&_navigationType=BROWSE&_shoppingMode=SITE&sortBy=ORIGINAL&productsPerPage=60&pageIndex=2&_application=SITE&_regionCode=US&currencyCode=USD&size=medium&spItemsVersion=1.1&utagId=0194836e38ce0002d6d827630db105075019e06d00992&visitorId=&customerId=&_deviceType=DESKTOP&_customerState=GUEST
Brand,Gloria Vanderbilt,Clothing,Women,Western,Outerwear,Blazers,https://www.macys.com/xapi/discover/v1/page?pathname=/shop/womens-clothing/all-womens-clothing/womens-blazers/Brand/Gloria%20Vanderbilt&id=55429&_navigationType=BROWSE&_shoppingMode=SITE&sortBy=ORIGINAL&productsPerPage=60&pageIndex=2&_application=SITE&_regionCode=US&currencyCode=USD&size=medium&spItemsVersion=1.1&utagId=0194836e38ce0002d6d827630db105075019e06d00992&visitorId=&customerId=&_deviceType=DESKTOP&_customerState=GUEST
Brand,GUESS,Clothing,Women,Western,Outerwear,Blazers,https://www.macys.com/xapi/discover/v1/page?pathname=/shop/womens-clothing/all-womens-clothing/womens-blazers/Brand/GUESS&id=55429&_navigationType=BROWSE&_shoppingMode=SITE&sortBy=ORIGINAL&productsPerPage=60&pageIndex=2&_application=SITE&_regionCode=US&currencyCode=USD&size=medium&spItemsVersion=1.1&utagId=0194836e38ce0002d6d827630db105075019e06d00992&visitorId=&customerId=&_deviceType=DESKTOP&_customerState=GUEST
Brand,Halston,Clothing,Women,Western,Outerwear,Blazers,https://www.macys.com/xapi/discover/v1/page?pathname=/shop/womens-clothing/all-womens-clothing/womens-blazers/Brand/Halston&id=55429&_navigationType=BROWSE&_shoppingMode=SITE&sortBy=ORIGINAL&productsPerPage=60&pageIndex=2&_application=SITE&_regionCode=US&currencyCode=USD&size=medium&spItemsVersion=1.1&utagId=0194836e38ce0002d6d827630db105075019e06d00992&visitorId=&customerId=&_deviceType=DESKTOP&_customerState=GUEST
Brand,Homage,Clothing,Women,Western,Outerwear,Blazers,https://www.macys.com/xapi/discover/v1/page?pathname=/shop/womens-clothing/all-womens-clothing/womens-blazers/Brand/Homage&id=55429&_navigationType=BROWSE&_shoppingMode=SITE&sortBy=ORIGINAL&productsPerPage=60&pageIndex=2&_application=SITE&_regionCode=US&currencyCode=USD&size=medium&spItemsVersion=1.1&utagId=0194836e38ce0002d6d827630db105075019e06d00992&visitorId=&customerId=&_deviceType=DESKTOP&_customerState=GUEST
Brand,HUGO,Clothing,Women,Western,Outerwear,Blazers,https://www.macys.com/xapi/discover/v1/page?pathname=/shop/womens-clothing/all-womens-clothing/womens-blazers/Brand/HUGO&id=55429&_navigationType=BROWSE&_shoppingMode=SITE&sortBy=ORIGINAL&productsPerPage=60&pageIndex=2&_application=SITE&_regionCode=US&currencyCode=USD&size=medium&spItemsVersion=1.1&utagId=0194836e38ce0002d6d827630db105075019e06d00992&visitorId=&customerId=&_deviceType=DESKTOP&_customerState=GUEST
Brand,Hugo Boss,Clothing,Women,Western,Outerwear,Blazers,https://www.macys.com/xapi/discover/v1/page?pathname=/shop/womens-clothing/all-womens-clothing/womens-blazers/Brand/Hugo%20Boss&id=55429&_navigationType=BROWSE&_shoppingMode=SITE&sortBy=ORIGINAL&productsPerPage=60&pageIndex=2&_application=SITE&_regionCode=US&currencyCode=USD&size=medium&spItemsVersion=1.1&utagId=0194836e38ce0002d6d827630db105075019e06d00992&visitorId=&customerId=&_deviceType=DESKTOP&_customerState=GUEST
Brand,I.N.C. International Concepts,Clothing,Women,Western,Outerwear,Blazers,https://www.macys.com/xapi/discover/v1/page?pathname=/shop/womens-clothing/all-womens-clothing/womens-blazers/Brand/I.N.C.%20International%20Concepts&id=55429&_navigationType=BROWSE&_shoppingMode=SITE&sortBy=ORIGINAL&productsPerPage=60&pageIndex=2&_application=SITE&_regionCode=US&currencyCode=USD&size=medium&spItemsVersion=1.1&utagId=0194836e38ce0002d6d827630db105075019e06d00992&visitorId=&customerId=&_deviceType=DESKTOP&_customerState=GUEST
Brand,JAG,Clothing,Women,Western,Outerwear,Blazers,https://www.macys.com/xapi/discover/v1/page?pathname=/shop/womens-clothing/all-womens-clothing/womens-blazers/Brand/JAG&id=55429&_navigationType=BROWSE&_shoppingMode=SITE&sortBy=ORIGINAL&productsPerPage=60&pageIndex=2&_application=SITE&_regionCode=US&currencyCode=USD&size=medium&spItemsVersion=1.1&utagId=0194836e38ce0002d6d827630db105075019e06d00992&visitorId=&customerId=&_deviceType=DESKTOP&_customerState=GUEST
Brand,Jill Martin,Clothing,Women,Western,Outerwear,Blazers,https://www.macys.com/xapi/discover/v1/page?pathname=/shop/womens-clothing/all-womens-clothing/womens-blazers/Brand/Jill%20Martin&id=55429&_navigationType=BROWSE&_shoppingMode=SITE&sortBy=ORIGINAL&productsPerPage=60&pageIndex=2&_application=SITE&_regionCode=US&currencyCode=USD&size=medium&spItemsVersion=1.1&utagId=0194836e38ce0002d6d827630db105075019e06d00992&visitorId=&customerId=&_deviceType=DESKTOP&_customerState=GUEST
Brand,Jones New York,Clothing,Women,Western,Outerwear,Blazers,https://www.macys.com/xapi/discover/v1/page?pathname=/shop/womens-clothing/all-womens-clothing/womens-blazers/Brand/Jones%20New%20York&id=55429&_navigationType=BROWSE&_shoppingMode=SITE&sortBy=ORIGINAL&productsPerPage=60&pageIndex=2&_application=SITE&_regionCode=US&currencyCode=USD&size=medium&spItemsVersion=1.1&utagId=0194836e38ce0002d6d827630db105075019e06d00992&visitorId=&customerId=&_deviceType=DESKTOP&_customerState=GUEST
Brand,Jordan,Clothing,Women,Western,Outerwear,Blazers,https://www.macys.com/xapi/discover/v1/page?pathname=/shop/womens-clothing/all-womens-clothing/womens-blazers/Brand/Jordan&id=55429&_navigationType=BROWSE&_shoppingMode=SITE&sortBy=ORIGINAL&productsPerPage=60&pageIndex=2&_application=SITE&_regionCode=US&currencyCode=USD&size=medium&spItemsVersion=1.1&utagId=0194836e38ce0002d6d827630db105075019e06d00992&visitorId=&customerId=&_deviceType=DESKTOP&_customerState=GUEST
Brand,June + Vie,Clothing,Women,Western,Outerwear,Blazers,https://www.macys.com/xapi/discover/v1/page?pathname=/shop/womens-clothing/all-womens-clothing/womens-blazers/Brand/June%20%20%20Vie&id=55429&_navigationType=BROWSE&_shoppingMode=SITE&sortBy=ORIGINAL&productsPerPage=60&pageIndex=2&_application=SITE&_regionCode=US&currencyCode=USD&size=medium&spItemsVersion=1.1&utagId=0194836e38ce0002d6d827630db105075019e06d00992&visitorId=&customerId=&_deviceType=DESKTOP&_customerState=GUEST
Brand,KARL LAGERFELD PARIS,Clothing,Women,Western,Outerwear,Blazers,https://www.macys.com/xapi/discover/v1/page?pathname=/shop/womens-clothing/all-womens-clothing/womens-blazers/Brand/KARL%20LAGERFELD%20PARIS&id=55429&_navigationType=BROWSE&_shoppingMode=SITE&sortBy=ORIGINAL&productsPerPage=60&pageIndex=2&_application=SITE&_regionCode=US&currencyCode=USD&size=medium&spItemsVersion=1.1&utagId=0194836e38ce0002d6d827630db105075019e06d00992&visitorId=&customerId=&_deviceType=DESKTOP&_customerState=GUEST
Brand,Kasper,Clothing,Women,Western,Outerwear,Blazers,https://www.macys.com/xapi/discover/v1/page?pathname=/shop/womens-clothing/all-womens-clothing/womens-blazers/Brand/Kasper&id=55429&_navigationType=BROWSE&_shoppingMode=SITE&sortBy=ORIGINAL&productsPerPage=60&pageIndex=2&_application=SITE&_regionCode=US&currencyCode=USD&size=medium&spItemsVersion=1.1&utagId=0194836e38ce0002d6d827630db105075019e06d00992&visitorId=&customerId=&_deviceType=DESKTOP&_customerState=GUEST
Brand,Kenneth Cole,Clothing,Women,Western,Outerwear,Blazers,https://www.macys.com/xapi/discover/v1/page?pathname=/shop/womens-clothing/all-womens-clothing/womens-blazers/Brand/Kenneth%20Cole&id=55429&_navigationType=BROWSE&_shoppingMode=SITE&sortBy=ORIGINAL&productsPerPage=60&pageIndex=2&_application=SITE&_regionCode=US&currencyCode=USD&size=medium&spItemsVersion=1.1&utagId=0194836e38ce0002d6d827630db105075019e06d00992&visitorId=&customerId=&_deviceType=DESKTOP&_customerState=GUEST
Brand,Lands' End,Clothing,Women,Western,Outerwear,Blazers,https://www.macys.com/xapi/discover/v1/page?pathname=/shop/womens-clothing/all-womens-clothing/womens-blazers/Brand/Lands%27%20End&id=55429&_navigationType=BROWSE&_shoppingMode=SITE&sortBy=ORIGINAL&productsPerPage=60&pageIndex=2&_application=SITE&_regionCode=US&currencyCode=USD&size=medium&spItemsVersion=1.1&utagId=0194836e38ce0002d6d827630db105075019e06d00992&visitorId=&customerId=&_deviceType=DESKTOP&_customerState=GUEST
Brand,Lauren Ralph Lauren,Clothing,Women,Western,Outerwear,Blazers,https://www.macys.com/xapi/discover/v1/page?pathname=/shop/womens-clothing/all-womens-clothing/womens-blazers/Brand/Lauren%20Ralph%20Lauren&id=55429&_navigationType=BROWSE&_shoppingMode=SITE&sortBy=ORIGINAL&productsPerPage=60&pageIndex=2&_application=SITE&_regionCode=US&currencyCode=USD&size=medium&spItemsVersion=1.1&utagId=0194836e38ce0002d6d827630db105075019e06d00992&visitorId=&customerId=&_deviceType=DESKTOP&_customerState=GUEST
Brand,Le Suit,Clothing,Women,Western,Outerwear,Blazers,https://www.macys.com/xapi/discover/v1/page?pathname=/shop/womens-clothing/all-womens-clothing/womens-blazers/Brand/Le%20Suit&id=55429&_navigationType=BROWSE&_shoppingMode=SITE&sortBy=ORIGINAL&productsPerPage=60&pageIndex=2&_application=SITE&_regionCode=US&currencyCode=USD&size=medium&spItemsVersion=1.1&utagId=0194836e38ce0002d6d827630db105075019e06d00992&visitorId=&customerId=&_deviceType=DESKTOP&_customerState=GUEST
Brand,Levi's,Clothing,Women,Western,Outerwear,Blazers,https://www.macys.com/xapi/discover/v1/page?pathname=/shop/womens-clothing/all-womens-clothing/womens-blazers/Brand/Levi%27s&id=55429&_navigationType=BROWSE&_shoppingMode=SITE&sortBy=ORIGINAL&productsPerPage=60&pageIndex=2&_application=SITE&_regionCode=US&currencyCode=USD&size=medium&spItemsVersion=1.1&utagId=0194836e38ce0002d6d827630db105075019e06d00992&visitorId=&customerId=&_deviceType=DESKTOP&_customerState=GUEST
Brand,Liverpool Los Angeles,Clothing,Women,Western,Outerwear,Blazers,https://www.macys.com/xapi/discover/v1/page?pathname=/shop/womens-clothing/all-womens-clothing/womens-blazers/Brand/Liverpool%20Los%20Angeles&id=55429&_navigationType=BROWSE&_shoppingMode=SITE&sortBy=ORIGINAL&productsPerPage=60&pageIndex=2&_application=SITE&_regionCode=US&currencyCode=USD&size=medium&spItemsVersion=1.1&utagId=0194836e38ce0002d6d827630db105075019e06d00992&visitorId=&customerId=&_deviceType=DESKTOP&_customerState=GUEST
Brand,Lucky Brand,Clothing,Women,Western,Outerwear,Blazers,https://www.macys.com/xapi/discover/v1/page?pathname=/shop/womens-clothing/all-womens-clothing/womens-blazers/Brand/Lucky%20Brand&id=55429&_navigationType=BROWSE&_shoppingMode=SITE&sortBy=ORIGINAL&productsPerPage=60&pageIndex=2&_application=SITE&_regionCode=US&currencyCode=USD&size=medium&spItemsVersion=1.1&utagId=0194836e38ce0002d6d827630db105075019e06d00992&visitorId=&customerId=&_deviceType=DESKTOP&_customerState=GUEST
Brand,Mac Duggal,Clothing,Women,Western,Outerwear,Blazers,https://www.macys.com/xapi/discover/v1/page?pathname=/shop/womens-clothing/all-womens-clothing/womens-blazers/Brand/Mac%20Duggal&id=55429&_navigationType=BROWSE&_shoppingMode=SITE&sortBy=ORIGINAL&productsPerPage=60&pageIndex=2&_application=SITE&_regionCode=US&currencyCode=USD&size=medium&spItemsVersion=1.1&utagId=0194836e38ce0002d6d827630db105075019e06d00992&visitorId=&customerId=&_deviceType=DESKTOP&_customerState=GUEST
Brand,Madden Girl,Clothing,Women,Western,Outerwear,Blazers,https://www.macys.com/xapi/discover/v1/page?pathname=/shop/womens-clothing/all-womens-clothing/womens-blazers/Brand/Madden%20Girl&id=55429&_navigationType=BROWSE&_shoppingMode=SITE&sortBy=ORIGINAL&productsPerPage=60&pageIndex=2&_application=SITE&_regionCode=US&currencyCode=USD&size=medium&spItemsVersion=1.1&utagId=0194836e38ce0002d6d827630db105075019e06d00992&visitorId=&customerId=&_deviceType=DESKTOP&_customerState=GUEST
Brand,Majestic,Clothing,Women,Western,Outerwear,Blazers,https://www.macys.com/xapi/discover/v1/page?pathname=/shop/womens-clothing/all-womens-clothing/womens-blazers/Brand/Majestic&id=55429&_navigationType=BROWSE&_shoppingMode=SITE&sortBy=ORIGINAL&productsPerPage=60&pageIndex=2&_application=SITE&_regionCode=US&currencyCode=USD&size=medium&spItemsVersion=1.1&utagId=0194836e38ce0002d6d827630db105075019e06d00992&visitorId=&customerId=&_deviceType=DESKTOP&_customerState=GUEST
Brand,MANGO,Clothing,Women,Western,Outerwear,Blazers,https://www.macys.com/xapi/discover/v1/page?pathname=/shop/womens-clothing/all-womens-clothing/womens-blazers/Brand/MANGO&id=55429&_navigationType=BROWSE&_shoppingMode=SITE&sortBy=ORIGINAL&productsPerPage=60&pageIndex=2&_application=SITE&_regionCode=US&currencyCode=USD&size=medium&spItemsVersion=1.1&utagId=0194836e38ce0002d6d827630db105075019e06d00992&visitorId=&customerId=&_deviceType=DESKTOP&_customerState=GUEST
Brand,Marc New York,Clothing,Women,Western,Outerwear,Blazers,https://www.macys.com/xapi/discover/v1/page?pathname=/shop/womens-clothing/all-womens-clothing/womens-blazers/Brand/Marc%20New%20York&id=55429&_navigationType=BROWSE&_shoppingMode=SITE&sortBy=ORIGINAL&productsPerPage=60&pageIndex=2&_application=SITE&_regionCode=US&currencyCode=USD&size=medium&spItemsVersion=1.1&utagId=0194836e38ce0002d6d827630db105075019e06d00992&visitorId=&customerId=&_deviceType=DESKTOP&_customerState=GUEST
Brand,Marcella,Clothing,Women,Western,Outerwear,Blazers,https://www.macys.com/xapi/discover/v1/page?pathname=/shop/womens-clothing/all-womens-clothing/womens-blazers/Brand/Marcella&id=55429&_navigationType=BROWSE&_shoppingMode=SITE&sortBy=ORIGINAL&productsPerPage=60&pageIndex=2&_application=SITE&_regionCode=US&currencyCode=USD&size=medium&spItemsVersion=1.1&utagId=0194836e38ce0002d6d827630db105075019e06d00992&visitorId=&customerId=&_deviceType=DESKTOP&_customerState=GUEST
Brand,MARION,Clothing,Women,Western,Outerwear,Blazers,https://www.macys.com/xapi/discover/v1/page?pathname=/shop/womens-clothing/all-womens-clothing/womens-blazers/Brand/MARION&id=55429&_navigationType=BROWSE&_shoppingMode=SITE&sortBy=ORIGINAL&productsPerPage=60&pageIndex=2&_application=SITE&_regionCode=US&currencyCode=USD&size=medium&spItemsVersion=1.1&utagId=0194836e38ce0002d6d827630db105075019e06d00992&visitorId=&customerId=&_deviceType=DESKTOP&_customerState=GUEST
Brand,Michael Kors,Clothing,Women,Western,Outerwear,Blazers,https://www.macys.com/xapi/discover/v1/page?pathname=/shop/womens-clothing/all-womens-clothing/womens-blazers/Brand/Michael%20Kors&id=55429&_navigationType=BROWSE&_shoppingMode=SITE&sortBy=ORIGINAL&productsPerPage=60&pageIndex=2&_application=SITE&_regionCode=US&currencyCode=USD&size=medium&spItemsVersion=1.1&utagId=0194836e38ce0002d6d827630db105075019e06d00992&visitorId=&customerId=&_deviceType=DESKTOP&_customerState=GUEST
Brand,Mitchell & Ness,Clothing,Women,Western,Outerwear,Blazers,https://www.macys.com/xapi/discover/v1/page?pathname=/shop/womens-clothing/all-womens-clothing/womens-blazers/Brand/Mitchell%20%26%20Ness&id=55429&_navigationType=BROWSE&_shoppingMode=SITE&sortBy=ORIGINAL&productsPerPage=60&pageIndex=2&_application=SITE&_regionCode=US&currencyCode=USD&size=medium&spItemsVersion=1.1&utagId=0194836e38ce0002d6d827630db105075019e06d00992&visitorId=&customerId=&_deviceType=DESKTOP&_customerState=GUEST
Brand,Natori,Clothing,Women,Western,Outerwear,Blazers,https://www.macys.com/xapi/discover/v1/page?pathname=/shop/womens-clothing/all-womens-clothing/womens-blazers/Brand/Natori&id=55429&_navigationType=BROWSE&_shoppingMode=SITE&sortBy=ORIGINAL&productsPerPage=60&pageIndex=2&_application=SITE&_regionCode=US&currencyCode=USD&size=medium&spItemsVersion=1.1&utagId=0194836e38ce0002d6d827630db105075019e06d00992&visitorId=&customerId=&_deviceType=DESKTOP&_customerState=GUEST
Brand,Nautica Jeans,Clothing,Women,Western,Outerwear,Blazers,https://www.macys.com/xapi/discover/v1/page?pathname=/shop/womens-clothing/all-womens-clothing/womens-blazers/Brand/Nautica%20Jeans&id=55429&_navigationType=BROWSE&_shoppingMode=SITE&sortBy=ORIGINAL&productsPerPage=60&pageIndex=2&_application=SITE&_regionCode=US&currencyCode=USD&size=medium&spItemsVersion=1.1&utagId=0194836e38ce0002d6d827630db105075019e06d00992&visitorId=&customerId=&_deviceType=DESKTOP&_customerState=GUEST
Brand,New Era,Clothing,Women,Western,Outerwear,Blazers,https://www.macys.com/xapi/discover/v1/page?pathname=/shop/womens-clothing/all-womens-clothing/womens-blazers/Brand/New%20Era&id=55429&_navigationType=BROWSE&_shoppingMode=SITE&sortBy=ORIGINAL&productsPerPage=60&pageIndex=2&_application=SITE&_regionCode=US&currencyCode=USD&size=medium&spItemsVersion=1.1&utagId=0194836e38ce0002d6d827630db105075019e06d00992&visitorId=&customerId=&_deviceType=DESKTOP&_customerState=GUEST
Brand,Nike,Clothing,Women,Western,Outerwear,Blazers,https://www.macys.com/xapi/discover/v1/page?pathname=/shop/womens-clothing/all-womens-clothing/womens-blazers/Brand/Nike&id=55429&_navigationType=BROWSE&_shoppingMode=SITE&sortBy=ORIGINAL&productsPerPage=60&pageIndex=2&_application=SITE&_regionCode=US&currencyCode=USD&size=medium&spItemsVersion=1.1&utagId=0194836e38ce0002d6d827630db105075019e06d00992&visitorId=&customerId=&_deviceType=DESKTOP&_customerState=GUEST
Brand,Nina Parker,Clothing,Women,Western,Outerwear,Blazers,https://www.macys.com/xapi/discover/v1/page?pathname=/shop/womens-clothing/all-womens-clothing/womens-blazers/Brand/Nina%20Parker&id=55429&_navigationType=BROWSE&_shoppingMode=SITE&sortBy=ORIGINAL&productsPerPage=60&pageIndex=2&_application=SITE&_regionCode=US&currencyCode=USD&size=medium&spItemsVersion=1.1&utagId=0194836e38ce0002d6d827630db105075019e06d00992&visitorId=&customerId=&_deviceType=DESKTOP&_customerState=GUEST
Brand,NOCTURNE,Clothing,Women,Western,Outerwear,Blazers,https://www.macys.com/xapi/discover/v1/page?pathname=/shop/womens-clothing/all-womens-clothing/womens-blazers/Brand/NOCTURNE&id=55429&_navigationType=BROWSE&_shoppingMode=SITE&sortBy=ORIGINAL&productsPerPage=60&pageIndex=2&_application=SITE&_regionCode=US&currencyCode=USD&size=medium&spItemsVersion=1.1&utagId=0194836e38ce0002d6d827630db105075019e06d00992&visitorId=&customerId=&_deviceType=DESKTOP&_customerState=GUEST
Brand,NVLT,Clothing,Women,Western,Outerwear,Blazers,https://www.macys.com/xapi/discover/v1/page?pathname=/shop/womens-clothing/all-womens-clothing/womens-blazers/Brand/NVLT&id=55429&_navigationType=BROWSE&_shoppingMode=SITE&sortBy=ORIGINAL&productsPerPage=60&pageIndex=2&_application=SITE&_regionCode=US&currencyCode=USD&size=medium&spItemsVersion=1.1&utagId=0194836e38ce0002d6d827630db105075019e06d00992&visitorId=&customerId=&_deviceType=DESKTOP&_customerState=GUEST
Brand,NY Collection,Clothing,Women,Western,Outerwear,Blazers,https://www.macys.com/xapi/discover/v1/page?pathname=/shop/womens-clothing/all-womens-clothing/womens-blazers/Brand/NY%20Collection&id=55429&_navigationType=BROWSE&_shoppingMode=SITE&sortBy=ORIGINAL&productsPerPage=60&pageIndex=2&_application=SITE&_regionCode=US&currencyCode=USD&size=medium&spItemsVersion=1.1&utagId=0194836e38ce0002d6d827630db105075019e06d00992&visitorId=&customerId=&_deviceType=DESKTOP&_customerState=GUEST
Brand,Olsen,Clothing,Women,Western,Outerwear,Blazers,https://www.macys.com/xapi/discover/v1/page?pathname=/shop/womens-clothing/all-womens-clothing/womens-blazers/Brand/Olsen&id=55429&_navigationType=BROWSE&_shoppingMode=SITE&sortBy=ORIGINAL&productsPerPage=60&pageIndex=2&_application=SITE&_regionCode=US&currencyCode=USD&size=medium&spItemsVersion=1.1&utagId=0194836e38ce0002d6d827630db105075019e06d00992&visitorId=&customerId=&_deviceType=DESKTOP&_customerState=GUEST
Brand,On 34th,Clothing,Women,Western,Outerwear,Blazers,https://www.macys.com/xapi/discover/v1/page?pathname=/shop/womens-clothing/all-womens-clothing/womens-blazers/Brand/On%2034th&id=55429&_navigationType=BROWSE&_shoppingMode=SITE&sortBy=ORIGINAL&productsPerPage=60&pageIndex=2&_application=SITE&_regionCode=US&currencyCode=USD&size=medium&spItemsVersion=1.1&utagId=0194836e38ce0002d6d827630db105075019e06d00992&visitorId=&customerId=&_deviceType=DESKTOP&_customerState=GUEST
Brand,Pact,Clothing,Women,Western,Outerwear,Blazers,https://www.macys.com/xapi/discover/v1/page?pathname=/shop/womens-clothing/all-womens-clothing/womens-blazers/Brand/Pact&id=55429&_navigationType=BROWSE&_shoppingMode=SITE&sortBy=ORIGINAL&productsPerPage=60&pageIndex=2&_application=SITE&_regionCode=US&currencyCode=USD&size=medium&spItemsVersion=1.1&utagId=0194836e38ce0002d6d827630db105075019e06d00992&visitorId=&customerId=&_deviceType=DESKTOP&_customerState=GUEST
Brand,Petal and Pup,Clothing,Women,Western,Outerwear,Blazers,https://www.macys.com/xapi/discover/v1/page?pathname=/shop/womens-clothing/all-womens-clothing/womens-blazers/Brand/Petal%20and%20Pup&id=55429&_navigationType=BROWSE&_shoppingMode=SITE&sortBy=ORIGINAL&productsPerPage=60&pageIndex=2&_application=SITE&_regionCode=US&currencyCode=USD&size=medium&spItemsVersion=1.1&utagId=0194836e38ce0002d6d827630db105075019e06d00992&visitorId=&customerId=&_deviceType=DESKTOP&_customerState=GUEST
Brand,Pro Standard,Clothing,Women,Western,Outerwear,Blazers,https://www.macys.com/xapi/discover/v1/page?pathname=/shop/womens-clothing/all-womens-clothing/womens-blazers/Brand/Pro%20Standard&id=55429&_navigationType=BROWSE&_shoppingMode=SITE&sortBy=ORIGINAL&productsPerPage=60&pageIndex=2&_application=SITE&_regionCode=US&currencyCode=USD&size=medium&spItemsVersion=1.1&utagId=0194836e38ce0002d6d827630db105075019e06d00992&visitorId=&customerId=&_deviceType=DESKTOP&_customerState=GUEST
Brand,QUIZ,Clothing,Women,Western,Outerwear,Blazers,https://www.macys.com/xapi/discover/v1/page?pathname=/shop/womens-clothing/all-womens-clothing/womens-blazers/Brand/QUIZ&id=55429&_navigationType=BROWSE&_shoppingMode=SITE&sortBy=ORIGINAL&productsPerPage=60&pageIndex=2&_application=SITE&_regionCode=US&currencyCode=USD&size=medium&spItemsVersion=1.1&utagId=0194836e38ce0002d6d827630db105075019e06d00992&visitorId=&customerId=&_deviceType=DESKTOP&_customerState=GUEST
Brand,RAAS,Clothing,Women,Western,Outerwear,Blazers,https://www.macys.com/xapi/discover/v1/page?pathname=/shop/womens-clothing/all-womens-clothing/womens-blazers/Brand/RAAS&id=55429&_navigationType=BROWSE&_shoppingMode=SITE&sortBy=ORIGINAL&productsPerPage=60&pageIndex=2&_application=SITE&_regionCode=US&currencyCode=USD&size=medium&spItemsVersion=1.1&utagId=0194836e38ce0002d6d827630db105075019e06d00992&visitorId=&customerId=&_deviceType=DESKTOP&_customerState=GUEST
Brand,Rafaella,Clothing,Women,Western,Outerwear,Blazers,https://www.macys.com/xapi/discover/v1/page?pathname=/shop/womens-clothing/all-womens-clothing/womens-blazers/Brand/Rafaella&id=55429&_navigationType=BROWSE&_shoppingMode=SITE&sortBy=ORIGINAL&productsPerPage=60&pageIndex=2&_application=SITE&_regionCode=US&currencyCode=USD&size=medium&spItemsVersion=1.1&utagId=0194836e38ce0002d6d827630db105075019e06d00992&visitorId=&customerId=&_deviceType=DESKTOP&_customerState=GUEST
Brand,Reistor,Clothing,Women,Western,Outerwear,Blazers,https://www.macys.com/xapi/discover/v1/page?pathname=/shop/womens-clothing/all-womens-clothing/womens-blazers/Brand/Reistor&id=55429&_navigationType=BROWSE&_shoppingMode=SITE&sortBy=ORIGINAL&productsPerPage=60&pageIndex=2&_application=SITE&_regionCode=US&currencyCode=USD&size=medium&spItemsVersion=1.1&utagId=0194836e38ce0002d6d827630db105075019e06d00992&visitorId=&customerId=&_deviceType=DESKTOP&_customerState=GUEST
Brand,Rosie Harlow,Clothing,Women,Western,Outerwear,Blazers,https://www.macys.com/xapi/discover/v1/page?pathname=/shop/womens-clothing/all-womens-clothing/womens-blazers/Brand/Rosie%20Harlow&id=55429&_navigationType=BROWSE&_shoppingMode=SITE&sortBy=ORIGINAL&productsPerPage=60&pageIndex=2&_application=SITE&_regionCode=US&currencyCode=USD&size=medium&spItemsVersion=1.1&utagId=0194836e38ce0002d6d827630db105075019e06d00992&visitorId=&customerId=&_deviceType=DESKTOP&_customerState=GUEST
Brand,Sam Edelman,Clothing,Women,Western,Outerwear,Blazers,https://www.macys.com/xapi/discover/v1/page?pathname=/shop/womens-clothing/all-womens-clothing/womens-blazers/Brand/Sam%20Edelman&id=55429&_navigationType=BROWSE&_shoppingMode=SITE&sortBy=ORIGINAL&productsPerPage=60&pageIndex=2&_application=SITE&_regionCode=US&currencyCode=USD&size=medium&spItemsVersion=1.1&utagId=0194836e38ce0002d6d827630db105075019e06d00992&visitorId=&customerId=&_deviceType=DESKTOP&_customerState=GUEST
Brand,Sanctuary,Clothing,Women,Western,Outerwear,Blazers,https://www.macys.com/xapi/discover/v1/page?pathname=/shop/womens-clothing/all-womens-clothing/womens-blazers/Brand/Sanctuary&id=55429&_navigationType=BROWSE&_shoppingMode=SITE&sortBy=ORIGINAL&productsPerPage=60&pageIndex=2&_application=SITE&_regionCode=US&currencyCode=USD&size=medium&spItemsVersion=1.1&utagId=0194836e38ce0002d6d827630db105075019e06d00992&visitorId=&customerId=&_deviceType=DESKTOP&_customerState=GUEST
Brand,Seraphine,Clothing,Women,Western,Outerwear,Blazers,https://www.macys.com/xapi/discover/v1/page?pathname=/shop/womens-clothing/all-womens-clothing/womens-blazers/Brand/Seraphine&id=55429&_navigationType=BROWSE&_shoppingMode=SITE&sortBy=ORIGINAL&productsPerPage=60&pageIndex=2&_application=SITE&_regionCode=US&currencyCode=USD&size=medium&spItemsVersion=1.1&utagId=0194836e38ce0002d6d827630db105075019e06d00992&visitorId=&customerId=&_deviceType=DESKTOP&_customerState=GUEST
Brand,Standards & Practices,Clothing,Women,Western,Outerwear,Blazers,https://www.macys.com/xapi/discover/v1/page?pathname=/shop/womens-clothing/all-womens-clothing/womens-blazers/Brand/Standards%20%26%20Practices&id=55429&_navigationType=BROWSE&_shoppingMode=SITE&sortBy=ORIGINAL&productsPerPage=60&pageIndex=2&_application=SITE&_regionCode=US&currencyCode=USD&size=medium&spItemsVersion=1.1&utagId=0194836e38ce0002d6d827630db105075019e06d00992&visitorId=&customerId=&_deviceType=DESKTOP&_customerState=GUEST
Brand,Stella Carakasi,Clothing,Women,Western,Outerwear,Blazers,https://www.macys.com/xapi/discover/v1/page?pathname=/shop/womens-clothing/all-womens-clothing/womens-blazers/Brand/Stella%20Carakasi&id=55429&_navigationType=BROWSE&_shoppingMode=SITE&sortBy=ORIGINAL&productsPerPage=60&pageIndex=2&_application=SITE&_regionCode=US&currencyCode=USD&size=medium&spItemsVersion=1.1&utagId=0194836e38ce0002d6d827630db105075019e06d00992&visitorId=&customerId=&_deviceType=DESKTOP&_customerState=GUEST
Brand,Steve Madden,Clothing,Women,Western,Outerwear,Blazers,https://www.macys.com/xapi/discover/v1/page?pathname=/shop/womens-clothing/all-womens-clothing/womens-blazers/Brand/Steve%20Madden&id=55429&_navigationType=BROWSE&_shoppingMode=SITE&sortBy=ORIGINAL&productsPerPage=60&pageIndex=2&_application=SITE&_regionCode=US&currencyCode=USD&size=medium&spItemsVersion=1.1&utagId=0194836e38ce0002d6d827630db105075019e06d00992&visitorId=&customerId=&_deviceType=DESKTOP&_customerState=GUEST
Brand,Style & Co,Clothing,Women,Western,Outerwear,Blazers,https://www.macys.com/xapi/discover/v1/page?pathname=/shop/womens-clothing/all-womens-clothing/womens-blazers/Brand/Style%20%26%20Co&id=55429&_navigationType=BROWSE&_shoppingMode=SITE&sortBy=ORIGINAL&productsPerPage=60&pageIndex=2&_application=SITE&_regionCode=US&currencyCode=USD&size=medium&spItemsVersion=1.1&utagId=0194836e38ce0002d6d827630db105075019e06d00992&visitorId=&customerId=&_deviceType=DESKTOP&_customerState=GUEST
Brand,T Tahari,Clothing,Women,Western,Outerwear,Blazers,https://www.macys.com/xapi/discover/v1/page?pathname=/shop/womens-clothing/all-womens-clothing/womens-blazers/Brand/T%20Tahari&id=55429&_navigationType=BROWSE&_shoppingMode=SITE&sortBy=ORIGINAL&productsPerPage=60&pageIndex=2&_application=SITE&_regionCode=US&currencyCode=USD&size=medium&spItemsVersion=1.1&utagId=0194836e38ce0002d6d827630db105075019e06d00992&visitorId=&customerId=&_deviceType=DESKTOP&_customerState=GUEST
Brand,Tahari,Clothing,Women,Western,Outerwear,Blazers,https://www.macys.com/xapi/discover/v1/page?pathname=/shop/womens-clothing/all-womens-clothing/womens-blazers/Brand/Tahari&id=55429&_navigationType=BROWSE&_shoppingMode=SITE&sortBy=ORIGINAL&productsPerPage=60&pageIndex=2&_application=SITE&_regionCode=US&currencyCode=USD&size=medium&spItemsVersion=1.1&utagId=0194836e38ce0002d6d827630db105075019e06d00992&visitorId=&customerId=&_deviceType=DESKTOP&_customerState=GUEST
Brand,Tahari ASL,Clothing,Women,Western,Outerwear,Blazers,https://www.macys.com/xapi/discover/v1/page?pathname=/shop/womens-clothing/all-womens-clothing/womens-blazers/Brand/Tahari%20ASL&id=55429&_navigationType=BROWSE&_shoppingMode=SITE&sortBy=ORIGINAL&productsPerPage=60&pageIndex=2&_application=SITE&_regionCode=US&currencyCode=USD&size=medium&spItemsVersion=1.1&utagId=0194836e38ce0002d6d827630db105075019e06d00992&visitorId=&customerId=&_deviceType=DESKTOP&_customerState=GUEST
Brand,Tommy Hilfiger,Clothing,Women,Western,Outerwear,Blazers,https://www.macys.com/xapi/discover/v1/page?pathname=/shop/womens-clothing/all-womens-clothing/womens-blazers/Brand/Tommy%20Hilfiger&id=55429&_navigationType=BROWSE&_shoppingMode=SITE&sortBy=ORIGINAL&productsPerPage=60&pageIndex=2&_application=SITE&_regionCode=US&currencyCode=USD&size=medium&spItemsVersion=1.1&utagId=0194836e38ce0002d6d827630db105075019e06d00992&visitorId=&customerId=&_deviceType=DESKTOP&_customerState=GUEST
Brand,Tommy Hilfiger Home,Clothing,Women,Western,Outerwear,Blazers,https://www.macys.com/xapi/discover/v1/page?pathname=/shop/womens-clothing/all-womens-clothing/womens-blazers/Brand/Tommy%20Hilfiger%20Home&id=55429&_navigationType=BROWSE&_shoppingMode=SITE&sortBy=ORIGINAL&productsPerPage=60&pageIndex=2&_application=SITE&_regionCode=US&currencyCode=USD&size=medium&spItemsVersion=1.1&utagId=0194836e38ce0002d6d827630db105075019e06d00992&visitorId=&customerId=&_deviceType=DESKTOP&_customerState=GUEST
Brand,Vince Camuto,Clothing,Women,Western,Outerwear,Blazers,https://www.macys.com/xapi/discover/v1/page?pathname=/shop/womens-clothing/all-womens-clothing/womens-blazers/Brand/Vince%20Camuto&id=55429&_navigationType=BROWSE&_shoppingMode=SITE&sortBy=ORIGINAL&productsPerPage=60&pageIndex=2&_application=SITE&_regionCode=US&currencyCode=USD&size=medium&spItemsVersion=1.1&utagId=0194836e38ce0002d6d827630db105075019e06d00992&visitorId=&customerId=&_deviceType=DESKTOP&_customerState=GUEST
Price,Under $50,Clothing,Women,Western,Outerwear,Blazers,https://www.macys.com/xapi/discover/v1/page?pathname=/shop/womens-clothing/all-womens-clothing/womens-blazers/Price/0.0%257C49.99&id=55429&_navigationType=BROWSE&_shoppingMode=SITE&sortBy=ORIGINAL&productsPerPage=60&pageIndex=2&_application=SITE&_regionCode=US&currencyCode=USD&size=medium&spItemsVersion=1.1&utagId=0194836e38ce0002d6d827630db105075019e06d00992&visitorId=&customerId=&_deviceType=DESKTOP&_customerState=GUEST
Price,$50-$100,Clothing,Women,Western,Outerwear,Blazers,https://www.macys.com/xapi/discover/v1/page?pathname=/shop/womens-clothing/all-womens-clothing/womens-blazers/Price/50.0%257C100.0&id=55429&_navigationType=BROWSE&_shoppingMode=SITE&sortBy=ORIGINAL&productsPerPage=60&pageIndex=2&_application=SITE&_regionCode=US&currencyCode=USD&size=medium&spItemsVersion=1.1&utagId=0194836e38ce0002d6d827630db105075019e06d00992&visitorId=&customerId=&_deviceType=DESKTOP&_customerState=GUEST
Price,$100-$250,Clothing,Women,Western,Outerwear,Blazers,https://www.macys.com/xapi/discover/v1/page?pathname=/shop/womens-clothing/all-womens-clothing/womens-blazers/Price/100.0%257C250.0&id=55429&_navigationType=BROWSE&_shoppingMode=SITE&sortBy=ORIGINAL&productsPerPage=60&pageIndex=2&_application=SITE&_regionCode=US&currencyCode=USD&size=medium&spItemsVersion=1.1&utagId=0194836e38ce0002d6d827630db105075019e06d00992&visitorId=&customerId=&_deviceType=DESKTOP&_customerState=GUEST
Price,$250-$500,Clothing,Women,Western,Outerwear,Blazers,https://www.macys.com/xapi/discover/v1/page?pathname=/shop/womens-clothing/all-womens-clothing/womens-blazers/Price/250.0%257C500.0&id=55429&_navigationType=BROWSE&_shoppingMode=SITE&sortBy=ORIGINAL&productsPerPage=60&pageIndex=2&_application=SITE&_regionCode=US&currencyCode=USD&size=medium&spItemsVersion=1.1&utagId=0194836e38ce0002d6d827630db105075019e06d00992&visitorId=&customerId=&_deviceType=DESKTOP&_customerState=GUEST
Price,$500 & Above,Clothing,Women,Western,Outerwear,Blazers,https://www.macys.com/xapi/discover/v1/page?pathname=/shop/womens-clothing/all-womens-clothing/womens-blazers/Price/500.0%257C-1&id=55429&_navigationType=BROWSE&_shoppingMode=SITE&sortBy=ORIGINAL&productsPerPage=60&pageIndex=2&_application=SITE&_regionCode=US&currencyCode=USD&size=medium&spItemsVersion=1.1&utagId=0194836e38ce0002d6d827630db105075019e06d00992&visitorId=&customerId=&_deviceType=DESKTOP&_customerState=GUEST
Occasion,Active & Workout,Clothing,Women,Western,Outerwear,Blazers,https://www.macys.com/xapi/discover/v1/page?pathname=/shop/womens-clothing/all-womens-clothing/womens-blazers/Occasion/Active%20%26%20Workout&id=55429&_navigationType=BROWSE&_shoppingMode=SITE&sortBy=ORIGINAL&productsPerPage=60&pageIndex=2&_application=SITE&_regionCode=US&currencyCode=USD&size=medium&spItemsVersion=1.1&utagId=0194836e38ce0002d6d827630db105075019e06d00992&visitorId=&customerId=&_deviceType=DESKTOP&_customerState=GUEST
Occasion,Back to School,Clothing,Women,Western,Outerwear,Blazers,https://www.macys.com/xapi/discover/v1/page?pathname=/shop/womens-clothing/all-womens-clothing/womens-blazers/Occasion/Back%20to%20School&id=55429&_navigationType=BROWSE&_shoppingMode=SITE&sortBy=ORIGINAL&productsPerPage=60&pageIndex=2&_application=SITE&_regionCode=US&currencyCode=USD&size=medium&spItemsVersion=1.1&utagId=0194836e38ce0002d6d827630db105075019e06d00992&visitorId=&customerId=&_deviceType=DESKTOP&_customerState=GUEST
Occasion,Casual,Clothing,Women,Western,Outerwear,Blazers,https://www.macys.com/xapi/discover/v1/page?pathname=/shop/womens-clothing/all-womens-clothing/womens-blazers/Occasion/Casual&id=55429&_navigationType=BROWSE&_shoppingMode=SITE&sortBy=ORIGINAL&productsPerPage=60&pageIndex=2&_application=SITE&_regionCode=US&currencyCode=USD&size=medium&spItemsVersion=1.1&utagId=0194836e38ce0002d6d827630db105075019e06d00992&visitorId=&customerId=&_deviceType=DESKTOP&_customerState=GUEST
Occasion,Day,Clothing,Women,Western,Outerwear,Blazers,https://www.macys.com/xapi/discover/v1/page?pathname=/shop/womens-clothing/all-womens-clothing/womens-blazers/Occasion/Day&id=55429&_navigationType=BROWSE&_shoppingMode=SITE&sortBy=ORIGINAL&productsPerPage=60&pageIndex=2&_application=SITE&_regionCode=US&currencyCode=USD&size=medium&spItemsVersion=1.1&utagId=0194836e38ce0002d6d827630db105075019e06d00992&visitorId=&customerId=&_deviceType=DESKTOP&_customerState=GUEST
Occasion,Fall,Clothing,Women,Western,Outerwear,Blazers,https://www.macys.com/xapi/discover/v1/page?pathname=/shop/womens-clothing/all-womens-clothing/womens-blazers/Occasion/Fall&id=55429&_navigationType=BROWSE&_shoppingMode=SITE&sortBy=ORIGINAL&productsPerPage=60&pageIndex=2&_application=SITE&_regionCode=US&currencyCode=USD&size=medium&spItemsVersion=1.1&utagId=0194836e38ce0002d6d827630db105075019e06d00992&visitorId=&customerId=&_deviceType=DESKTOP&_customerState=GUEST
Occasion,Formal,Clothing,Women,Western,Outerwear,Blazers,https://www.macys.com/xapi/discover/v1/page?pathname=/shop/womens-clothing/all-womens-clothing/womens-blazers/Occasion/Formal&id=55429&_navigationType=BROWSE&_shoppingMode=SITE&sortBy=ORIGINAL&productsPerPage=60&pageIndex=2&_application=SITE&_regionCode=US&currencyCode=USD&size=medium&spItemsVersion=1.1&utagId=0194836e38ce0002d6d827630db105075019e06d00992&visitorId=&customerId=&_deviceType=DESKTOP&_customerState=GUEST
Occasion,Going Out,Clothing,Women,Western,Outerwear,Blazers,https://www.macys.com/xapi/discover/v1/page?pathname=/shop/womens-clothing/all-womens-clothing/womens-blazers/Occasion/Going%20Out&id=55429&_navigationType=BROWSE&_shoppingMode=SITE&sortBy=ORIGINAL&productsPerPage=60&pageIndex=2&_application=SITE&_regionCode=US&currencyCode=USD&size=medium&spItemsVersion=1.1&utagId=0194836e38ce0002d6d827630db105075019e06d00992&visitorId=&customerId=&_deviceType=DESKTOP&_customerState=GUEST
Occasion,Holiday,Clothing,Women,Western,Outerwear,Blazers,https://www.macys.com/xapi/discover/v1/page?pathname=/shop/womens-clothing/all-womens-clothing/womens-blazers/Occasion/Holiday&id=55429&_navigationType=BROWSE&_shoppingMode=SITE&sortBy=ORIGINAL&productsPerPage=60&pageIndex=2&_application=SITE&_regionCode=US&currencyCode=USD&size=medium&spItemsVersion=1.1&utagId=0194836e38ce0002d6d827630db105075019e06d00992&visitorId=&customerId=&_deviceType=DESKTOP&_customerState=GUEST
Occasion,Mother of the Bride or Groom,Clothing,Women,Western,Outerwear,Blazers,https://www.macys.com/xapi/discover/v1/page?pathname=/shop/womens-clothing/all-womens-clothing/womens-blazers/Occasion/Mother%20of%20the%20Bride%20or%20Groom&id=55429&_navigationType=BROWSE&_shoppingMode=SITE&sortBy=ORIGINAL&productsPerPage=60&pageIndex=2&_application=SITE&_regionCode=US&currencyCode=USD&size=medium&spItemsVersion=1.1&utagId=0194836e38ce0002d6d827630db105075019e06d00992&visitorId=&customerId=&_deviceType=DESKTOP&_customerState=GUEST
Occasion,New Year's Eve,Clothing,Women,Western,Outerwear,Blazers,https://www.macys.com/xapi/discover/v1/page?pathname=/shop/womens-clothing/all-womens-clothing/womens-blazers/Occasion/New%20Year%27s%20Eve&id=55429&_navigationType=BROWSE&_shoppingMode=SITE&sortBy=ORIGINAL&productsPerPage=60&pageIndex=2&_application=SITE&_regionCode=US&currencyCode=USD&size=medium&spItemsVersion=1.1&utagId=0194836e38ce0002d6d827630db105075019e06d00992&visitorId=&customerId=&_deviceType=DESKTOP&_customerState=GUEST
Occasion,Outdoor,Clothing,Women,Western,Outerwear,Blazers,https://www.macys.com/xapi/discover/v1/page?pathname=/shop/womens-clothing/all-womens-clothing/womens-blazers/Occasion/Outdoor&id=55429&_navigationType=BROWSE&_shoppingMode=SITE&sortBy=ORIGINAL&productsPerPage=60&pageIndex=2&_application=SITE&_regionCode=US&currencyCode=USD&size=medium&spItemsVersion=1.1&utagId=0194836e38ce0002d6d827630db105075019e06d00992&visitorId=&customerId=&_deviceType=DESKTOP&_customerState=GUEST
Occasion,Party/Cocktail,Clothing,Women,Western,Outerwear,Blazers,https://www.macys.com/xapi/discover/v1/page?pathname=/shop/womens-clothing/all-womens-clothing/womens-blazers/Occasion/Party%2FCocktail&id=55429&_navigationType=BROWSE&_shoppingMode=SITE&sortBy=ORIGINAL&productsPerPage=60&pageIndex=2&_application=SITE&_regionCode=US&currencyCode=USD&size=medium&spItemsVersion=1.1&utagId=0194836e38ce0002d6d827630db105075019e06d00992&visitorId=&customerId=&_deviceType=DESKTOP&_customerState=GUEST
Occasion,Sports,Clothing,Women,Western,Outerwear,Blazers,https://www.macys.com/xapi/discover/v1/page?pathname=/shop/womens-clothing/all-womens-clothing/womens-blazers/Occasion/Sports&id=55429&_navigationType=BROWSE&_shoppingMode=SITE&sortBy=ORIGINAL&productsPerPage=60&pageIndex=2&_application=SITE&_regionCode=US&currencyCode=USD&size=medium&spItemsVersion=1.1&utagId=0194836e38ce0002d6d827630db105075019e06d00992&visitorId=&customerId=&_deviceType=DESKTOP&_customerState=GUEST
Occasion,Spring,Clothing,Women,Western,Outerwear,Blazers,https://www.macys.com/xapi/discover/v1/page?pathname=/shop/womens-clothing/all-womens-clothing/womens-blazers/Occasion/Spring&id=55429&_navigationType=BROWSE&_shoppingMode=SITE&sortBy=ORIGINAL&productsPerPage=60&pageIndex=2&_application=SITE&_regionCode=US&currencyCode=USD&size=medium&spItemsVersion=1.1&utagId=0194836e38ce0002d6d827630db105075019e06d00992&visitorId=&customerId=&_deviceType=DESKTOP&_customerState=GUEST
Occasion,Summer,Clothing,Women,Western,Outerwear,Blazers,https://www.macys.com/xapi/discover/v1/page?pathname=/shop/womens-clothing/all-womens-clothing/womens-blazers/Occasion/Summer&id=55429&_navigationType=BROWSE&_shoppingMode=SITE&sortBy=ORIGINAL&productsPerPage=60&pageIndex=2&_application=SITE&_regionCode=US&currencyCode=USD&size=medium&spItemsVersion=1.1&utagId=0194836e38ce0002d6d827630db105075019e06d00992&visitorId=&customerId=&_deviceType=DESKTOP&_customerState=GUEST
Occasion,Vacation,Clothing,Women,Western,Outerwear,Blazers,https://www.macys.com/xapi/discover/v1/page?pathname=/shop/womens-clothing/all-womens-clothing/womens-blazers/Occasion/Vacation&id=55429&_navigationType=BROWSE&_shoppingMode=SITE&sortBy=ORIGINAL&productsPerPage=60&pageIndex=2&_application=SITE&_regionCode=US&currencyCode=USD&size=medium&spItemsVersion=1.1&utagId=0194836e38ce0002d6d827630db105075019e06d00992&visitorId=&customerId=&_deviceType=DESKTOP&_customerState=GUEST
Occasion,Wedding Guest,Clothing,Women,Western,Outerwear,Blazers,https://www.macys.com/xapi/discover/v1/page?pathname=/shop/womens-clothing/all-womens-clothing/womens-blazers/Occasion/Wedding%20Guest&id=55429&_navigationType=BROWSE&_shoppingMode=SITE&sortBy=ORIGINAL&productsPerPage=60&pageIndex=2&_application=SITE&_regionCode=US&currencyCode=USD&size=medium&spItemsVersion=1.1&utagId=0194836e38ce0002d6d827630db105075019e06d00992&visitorId=&customerId=&_deviceType=DESKTOP&_customerState=GUEST
Occasion,Winter,Clothing,Women,Western,Outerwear,Blazers,https://www.macys.com/xapi/discover/v1/page?pathname=/shop/womens-clothing/all-womens-clothing/womens-blazers/Occasion/Winter&id=55429&_navigationType=BROWSE&_shoppingMode=SITE&sortBy=ORIGINAL&productsPerPage=60&pageIndex=2&_application=SITE&_regionCode=US&currencyCode=USD&size=medium&spItemsVersion=1.1&utagId=0194836e38ce0002d6d827630db105075019e06d00992&visitorId=&customerId=&_deviceType=DESKTOP&_customerState=GUEST
Occasion,Work,Clothing,Women,Western,Outerwear,Blazers,https://www.macys.com/xapi/discover/v1/page?pathname=/shop/womens-clothing/all-womens-clothing/womens-blazers/Occasion/Work&id=55429&_navigationType=BROWSE&_shoppingMode=SITE&sortBy=ORIGINAL&productsPerPage=60&pageIndex=2&_application=SITE&_regionCode=US&currencyCode=USD&size=medium&spItemsVersion=1.1&utagId=0194836e38ce0002d6d827630db105075019e06d00992&visitorId=&customerId=&_deviceType=DESKTOP&_customerState=GUEST
Pattern,Animal Print,Clothing,Women,Western,Outerwear,Blazers,https://www.macys.com/xapi/discover/v1/page?pathname=/shop/womens-clothing/all-womens-clothing/womens-blazers/Fabric_pattern/Animal%20Print&id=55429&_navigationType=BROWSE&_shoppingMode=SITE&sortBy=ORIGINAL&productsPerPage=60&pageIndex=2&_application=SITE&_regionCode=US&currencyCode=USD&size=medium&spItemsVersion=1.1&utagId=0194836e38ce0002d6d827630db105075019e06d00992&visitorId=&customerId=&_deviceType=DESKTOP&_customerState=GUEST
Pattern,Cable Knit,Clothing,Women,Western,Outerwear,Blazers,https://www.macys.com/xapi/discover/v1/page?pathname=/shop/womens-clothing/all-womens-clothing/womens-blazers/Fabric_pattern/Cable%20Knit&id=55429&_navigationType=BROWSE&_shoppingMode=SITE&sortBy=ORIGINAL&productsPerPage=60&pageIndex=2&_application=SITE&_regionCode=US&currencyCode=USD&size=medium&spItemsVersion=1.1&utagId=0194836e38ce0002d6d827630db105075019e06d00992&visitorId=&customerId=&_deviceType=DESKTOP&_customerState=GUEST
Pattern,Camo,Clothing,Women,Western,Outerwear,Blazers,https://www.macys.com/xapi/discover/v1/page?pathname=/shop/womens-clothing/all-womens-clothing/womens-blazers/Fabric_pattern/Camo&id=55429&_navigationType=BROWSE&_shoppingMode=SITE&sortBy=ORIGINAL&productsPerPage=60&pageIndex=2&_application=SITE&_regionCode=US&currencyCode=USD&size=medium&spItemsVersion=1.1&utagId=0194836e38ce0002d6d827630db105075019e06d00992&visitorId=&customerId=&_deviceType=DESKTOP&_customerState=GUEST
Pattern,Colorblock,Clothing,Women,Western,Outerwear,Blazers,https://www.macys.com/xapi/discover/v1/page?pathname=/shop/womens-clothing/all-womens-clothing/womens-blazers/Fabric_pattern/Colorblock&id=55429&_navigationType=BROWSE&_shoppingMode=SITE&sortBy=ORIGINAL&productsPerPage=60&pageIndex=2&_application=SITE&_regionCode=US&currencyCode=USD&size=medium&spItemsVersion=1.1&utagId=0194836e38ce0002d6d827630db105075019e06d00992&visitorId=&customerId=&_deviceType=DESKTOP&_customerState=GUEST
Pattern,Dots,Clothing,Women,Western,Outerwear,Blazers,https://www.macys.com/xapi/discover/v1/page?pathname=/shop/womens-clothing/all-womens-clothing/womens-blazers/Fabric_pattern/Dots&id=55429&_navigationType=BROWSE&_shoppingMode=SITE&sortBy=ORIGINAL&productsPerPage=60&pageIndex=2&_application=SITE&_regionCode=US&currencyCode=USD&size=medium&spItemsVersion=1.1&utagId=0194836e38ce0002d6d827630db105075019e06d00992&visitorId=&customerId=&_deviceType=DESKTOP&_customerState=GUEST
Pattern,Embroidered,Clothing,Women,Western,Outerwear,Blazers,https://www.macys.com/xapi/discover/v1/page?pathname=/shop/womens-clothing/all-womens-clothing/womens-blazers/Fabric_pattern/Embroidered&id=55429&_navigationType=BROWSE&_shoppingMode=SITE&sortBy=ORIGINAL&productsPerPage=60&pageIndex=2&_application=SITE&_regionCode=US&currencyCode=USD&size=medium&spItemsVersion=1.1&utagId=0194836e38ce0002d6d827630db105075019e06d00992&visitorId=&customerId=&_deviceType=DESKTOP&_customerState=GUEST
Pattern,Floral,Clothing,Women,Western,Outerwear,Blazers,https://www.macys.com/xapi/discover/v1/page?pathname=/shop/womens-clothing/all-womens-clothing/womens-blazers/Fabric_pattern/Floral&id=55429&_navigationType=BROWSE&_shoppingMode=SITE&sortBy=ORIGINAL&productsPerPage=60&pageIndex=2&_application=SITE&_regionCode=US&currencyCode=USD&size=medium&spItemsVersion=1.1&utagId=0194836e38ce0002d6d827630db105075019e06d00992&visitorId=&customerId=&_deviceType=DESKTOP&_customerState=GUEST
Pattern,Geometric,Clothing,Women,Western,Outerwear,Blazers,https://www.macys.com/xapi/discover/v1/page?pathname=/shop/womens-clothing/all-womens-clothing/womens-blazers/Fabric_pattern/Geometric&id=55429&_navigationType=BROWSE&_shoppingMode=SITE&sortBy=ORIGINAL&productsPerPage=60&pageIndex=2&_application=SITE&_regionCode=US&currencyCode=USD&size=medium&spItemsVersion=1.1&utagId=0194836e38ce0002d6d827630db105075019e06d00992&visitorId=&customerId=&_deviceType=DESKTOP&_customerState=GUEST
Pattern,Gingham,Clothing,Women,Western,Outerwear,Blazers,https://www.macys.com/xapi/discover/v1/page?pathname=/shop/womens-clothing/all-womens-clothing/womens-blazers/Fabric_pattern/Gingham&id=55429&_navigationType=BROWSE&_shoppingMode=SITE&sortBy=ORIGINAL&productsPerPage=60&pageIndex=2&_application=SITE&_regionCode=US&currencyCode=USD&size=medium&spItemsVersion=1.1&utagId=0194836e38ce0002d6d827630db105075019e06d00992&visitorId=&customerId=&_deviceType=DESKTOP&_customerState=GUEST
Pattern,Houndstooth,Clothing,Women,Western,Outerwear,Blazers,https://www.macys.com/xapi/discover/v1/page?pathname=/shop/womens-clothing/all-womens-clothing/womens-blazers/Fabric_pattern/Houndstooth&id=55429&_navigationType=BROWSE&_shoppingMode=SITE&sortBy=ORIGINAL&productsPerPage=60&pageIndex=2&_application=SITE&_regionCode=US&currencyCode=USD&size=medium&spItemsVersion=1.1&utagId=0194836e38ce0002d6d827630db105075019e06d00992&visitorId=&customerId=&_deviceType=DESKTOP&_customerState=GUEST
Pattern,Leopard Print,Clothing,Women,Western,Outerwear,Blazers,https://www.macys.com/xapi/discover/v1/page?pathname=/shop/womens-clothing/all-womens-clothing/womens-blazers/Fabric_pattern/Leopard%20Print&id=55429&_navigationType=BROWSE&_shoppingMode=SITE&sortBy=ORIGINAL&productsPerPage=60&pageIndex=2&_application=SITE&_regionCode=US&currencyCode=USD&size=medium&spItemsVersion=1.1&utagId=0194836e38ce0002d6d827630db105075019e06d00992&visitorId=&customerId=&_deviceType=DESKTOP&_customerState=GUEST
Pattern,Logo,Clothing,Women,Western,Outerwear,Blazers,https://www.macys.com/xapi/discover/v1/page?pathname=/shop/womens-clothing/all-womens-clothing/womens-blazers/Fabric_pattern/Logo&id=55429&_navigationType=BROWSE&_shoppingMode=SITE&sortBy=ORIGINAL&productsPerPage=60&pageIndex=2&_application=SITE&_regionCode=US&currencyCode=USD&size=medium&spItemsVersion=1.1&utagId=0194836e38ce0002d6d827630db105075019e06d00992&visitorId=&customerId=&_deviceType=DESKTOP&_customerState=GUEST
Pattern,Metallic,Clothing,Women,Western,Outerwear,Blazers,https://www.macys.com/xapi/discover/v1/page?pathname=/shop/womens-clothing/all-womens-clothing/womens-blazers/Fabric_pattern/Metallic&id=55429&_navigationType=BROWSE&_shoppingMode=SITE&sortBy=ORIGINAL&productsPerPage=60&pageIndex=2&_application=SITE&_regionCode=US&currencyCode=USD&size=medium&spItemsVersion=1.1&utagId=0194836e38ce0002d6d827630db105075019e06d00992&visitorId=&customerId=&_deviceType=DESKTOP&_customerState=GUEST
Pattern,Neutrals,Clothing,Women,Western,Outerwear,Blazers,https://www.macys.com/xapi/discover/v1/page?pathname=/shop/womens-clothing/all-womens-clothing/womens-blazers/Fabric_pattern/Neutrals&id=55429&_navigationType=BROWSE&_shoppingMode=SITE&sortBy=ORIGINAL&productsPerPage=60&pageIndex=2&_application=SITE&_regionCode=US&currencyCode=USD&size=medium&spItemsVersion=1.1&utagId=0194836e38ce0002d6d827630db105075019e06d00992&visitorId=&customerId=&_deviceType=DESKTOP&_customerState=GUEST
Pattern,Paisley,Clothing,Women,Western,Outerwear,Blazers,https://www.macys.com/xapi/discover/v1/page?pathname=/shop/womens-clothing/all-womens-clothing/womens-blazers/Fabric_pattern/Paisley&id=55429&_navigationType=BROWSE&_shoppingMode=SITE&sortBy=ORIGINAL&productsPerPage=60&pageIndex=2&_application=SITE&_regionCode=US&currencyCode=USD&size=medium&spItemsVersion=1.1&utagId=0194836e38ce0002d6d827630db105075019e06d00992&visitorId=&customerId=&_deviceType=DESKTOP&_customerState=GUEST
Pattern,Plaid,Clothing,Women,Western,Outerwear,Blazers,https://www.macys.com/xapi/discover/v1/page?pathname=/shop/womens-clothing/all-womens-clothing/womens-blazers/Fabric_pattern/Plaid&id=55429&_navigationType=BROWSE&_shoppingMode=SITE&sortBy=ORIGINAL&productsPerPage=60&pageIndex=2&_application=SITE&_regionCode=US&currencyCode=USD&size=medium&spItemsVersion=1.1&utagId=0194836e38ce0002d6d827630db105075019e06d00992&visitorId=&customerId=&_deviceType=DESKTOP&_customerState=GUEST
Pattern,Print,Clothing,Women,Western,Outerwear,Blazers,https://www.macys.com/xapi/discover/v1/page?pathname=/shop/womens-clothing/all-womens-clothing/womens-blazers/Fabric_pattern/Print&id=55429&_navigationType=BROWSE&_shoppingMode=SITE&sortBy=ORIGINAL&productsPerPage=60&pageIndex=2&_application=SITE&_regionCode=US&currencyCode=USD&size=medium&spItemsVersion=1.1&utagId=0194836e38ce0002d6d827630db105075019e06d00992&visitorId=&customerId=&_deviceType=DESKTOP&_customerState=GUEST
Pattern,Solid,Clothing,Women,Western,Outerwear,Blazers,https://www.macys.com/xapi/discover/v1/page?pathname=/shop/womens-clothing/all-womens-clothing/womens-blazers/Fabric_pattern/Solid&id=55429&_navigationType=BROWSE&_shoppingMode=SITE&sortBy=ORIGINAL&productsPerPage=60&pageIndex=2&_application=SITE&_regionCode=US&currencyCode=USD&size=medium&spItemsVersion=1.1&utagId=0194836e38ce0002d6d827630db105075019e06d00992&visitorId=&customerId=&_deviceType=DESKTOP&_customerState=GUEST
Pattern,Stripe,Clothing,Women,Western,Outerwear,Blazers,https://www.macys.com/xapi/discover/v1/page?pathname=/shop/womens-clothing/all-womens-clothing/womens-blazers/Fabric_pattern/Stripe&id=55429&_navigationType=BROWSE&_shoppingMode=SITE&sortBy=ORIGINAL&productsPerPage=60&pageIndex=2&_application=SITE&_regionCode=US&currencyCode=USD&size=medium&spItemsVersion=1.1&utagId=0194836e38ce0002d6d827630db105075019e06d00992&visitorId=&customerId=&_deviceType=DESKTOP&_customerState=GUEST
Pattern,Textured,Clothing,Women,Western,Outerwear,Blazers,https://www.macys.com/xapi/discover/v1/page?pathname=/shop/womens-clothing/all-womens-clothing/womens-blazers/Fabric_pattern/Textured&id=55429&_navigationType=BROWSE&_shoppingMode=SITE&sortBy=ORIGINAL&productsPerPage=60&pageIndex=2&_application=SITE&_regionCode=US&currencyCode=USD&size=medium&spItemsVersion=1.1&utagId=0194836e38ce0002d6d827630db105075019e06d00992&visitorId=&customerId=&_deviceType=DESKTOP&_customerState=GUEST
Pattern,Tie Dye,Clothing,Women,Western,Outerwear,Blazers,https://www.macys.com/xapi/discover/v1/page?pathname=/shop/womens-clothing/all-womens-clothing/womens-blazers/Fabric_pattern/Tie%20Dye&id=55429&_navigationType=BROWSE&_shoppingMode=SITE&sortBy=ORIGINAL&productsPerPage=60&pageIndex=2&_application=SITE&_regionCode=US&currencyCode=USD&size=medium&spItemsVersion=1.1&utagId=0194836e38ce0002d6d827630db105075019e06d00992&visitorId=&customerId=&_deviceType=DESKTOP&_customerState=GUEST
Pattern,Tweed,Clothing,Women,Western,Outerwear,Blazers,https://www.macys.com/xapi/discover/v1/page?pathname=/shop/womens-clothing/all-womens-clothing/womens-blazers/Fabric_pattern/Tweed&id=55429&_navigationType=BROWSE&_shoppingMode=SITE&sortBy=ORIGINAL&productsPerPage=60&pageIndex=2&_application=SITE&_regionCode=US&currencyCode=USD&size=medium&spItemsVersion=1.1&utagId=0194836e38ce0002d6d827630db105075019e06d00992&visitorId=&customerId=&_deviceType=DESKTOP&_customerState=GUEST
Discount Range,70% off & more,Clothing,Women,Western,Outerwear,Blazers,https://www.macys.com/xapi/discover/v1/page?pathname=/shop/womens-clothing/all-womens-clothing/womens-blazers/Price_discount_range/70_PERCENT_%20off%20%26%20more&id=55429&_navigationType=BROWSE&_shoppingMode=SITE&sortBy=ORIGINAL&productsPerPage=60&pageIndex=2&_application=SITE&_regionCode=US&currencyCode=USD&size=medium&spItemsVersion=1.1&utagId=0194836e38ce0002d6d827630db105075019e06d00992&visitorId=&customerId=&_deviceType=DESKTOP&_customerState=GUEST
Discount Range,60% off & more,Clothing,Women,Western,Outerwear,Blazers,https://www.macys.com/xapi/discover/v1/page?pathname=/shop/womens-clothing/all-womens-clothing/womens-blazers/Price_discount_range/60_PERCENT_%20off%20%26%20more&id=55429&_navigationType=BROWSE&_shoppingMode=SITE&sortBy=ORIGINAL&productsPerPage=60&pageIndex=2&_application=SITE&_regionCode=US&currencyCode=USD&size=medium&spItemsVersion=1.1&utagId=0194836e38ce0002d6d827630db105075019e06d00992&visitorId=&customerId=&_deviceType=DESKTOP&_customerState=GUEST
Discount Range,50% off & more,Clothing,Women,Western,Outerwear,Blazers,https://www.macys.com/xapi/discover/v1/page?pathname=/shop/womens-clothing/all-womens-clothing/womens-blazers/Price_discount_range/50_PERCENT_%20off%20%26%20more&id=55429&_navigationType=BROWSE&_shoppingMode=SITE&sortBy=ORIGINAL&productsPerPage=60&pageIndex=2&_application=SITE&_regionCode=US&currencyCode=USD&size=medium&spItemsVersion=1.1&utagId=0194836e38ce0002d6d827630db105075019e06d00992&visitorId=&customerId=&_deviceType=DESKTOP&_customerState=GUEST
Discount Range,40% off & more,Clothing,Women,Western,Outerwear,Blazers,https://www.macys.com/xapi/discover/v1/page?pathname=/shop/womens-clothing/all-womens-clothing/womens-blazers/Price_discount_range/40_PERCENT_%20off%20%26%20more&id=55429&_navigationType=BROWSE&_shoppingMode=SITE&sortBy=ORIGINAL&productsPerPage=60&pageIndex=2&_application=SITE&_regionCode=US&currencyCode=USD&size=medium&spItemsVersion=1.1&utagId=0194836e38ce0002d6d827630db105075019e06d00992&visitorId=&customerId=&_deviceType=DESKTOP&_customerState=GUEST
Discount Range,30% off & more,Clothing,Women,Western,Outerwear,Blazers,https://www.macys.com/xapi/discover/v1/page?pathname=/shop/womens-clothing/all-womens-clothing/womens-blazers/Price_discount_range/30_PERCENT_%20off%20%26%20more&id=55429&_navigationType=BROWSE&_shoppingMode=SITE&sortBy=ORIGINAL&productsPerPage=60&pageIndex=2&_application=SITE&_regionCode=US&currencyCode=USD&size=medium&spItemsVersion=1.1&utagId=0194836e38ce0002d6d827630db105075019e06d00992&visitorId=&customerId=&_deviceType=DESKTOP&_customerState=GUEST
Discount Range,20% off & more,Clothing,Women,Western,Outerwear,Blazers,https://www.macys.com/xapi/discover/v1/page?pathname=/shop/womens-clothing/all-womens-clothing/womens-blazers/Price_discount_range/20_PERCENT_%20off%20%26%20more&id=55429&_navigationType=BROWSE&_shoppingMode=SITE&sortBy=ORIGINAL&productsPerPage=60&pageIndex=2&_application=SITE&_regionCode=US&currencyCode=USD&size=medium&spItemsVersion=1.1&utagId=0194836e38ce0002d6d827630db105075019e06d00992&visitorId=&customerId=&_deviceType=DESKTOP&_customerState=GUEST
Offers,Limited-Time Special,Clothing,Women,Western,Outerwear,Blazers,https://www.macys.com/xapi/discover/v1/page?pathname=/shop/womens-clothing/all-womens-clothing/womens-blazers/Special_offers/Limited-Time%20Special&id=55429&_navigationType=BROWSE&_shoppingMode=SITE&sortBy=ORIGINAL&productsPerPage=60&pageIndex=2&_application=SITE&_regionCode=US&currencyCode=USD&size=medium&spItemsVersion=1.1&utagId=0194836e38ce0002d6d827630db105075019e06d00992&visitorId=&customerId=&_deviceType=DESKTOP&_customerState=GUEST
Offers,Clearance,Clothing,Women,Western,Outerwear,Blazers,https://www.macys.com/xapi/discover/v1/page?pathname=/shop/womens-clothing/all-womens-clothing/womens-blazers/Special_offers/Clearance&id=55429&_navigationType=BROWSE&_shoppingMode=SITE&sortBy=ORIGINAL&productsPerPage=60&pageIndex=2&_application=SITE&_regionCode=US&currencyCode=USD&size=medium&spItemsVersion=1.1&utagId=0194836e38ce0002d6d827630db105075019e06d00992&visitorId=&customerId=&_deviceType=DESKTOP&_customerState=GUEST
Offers,Last Act,Clothing,Women,Western,Outerwear,Blazers,https://www.macys.com/xapi/discover/v1/page?pathname=/shop/womens-clothing/all-womens-clothing/womens-blazers/Special_offers/Last%20Act&id=55429&_navigationType=BROWSE&_shoppingMode=SITE&sortBy=ORIGINAL&productsPerPage=60&pageIndex=2&_application=SITE&_regionCode=US&currencyCode=USD&size=medium&spItemsVersion=1.1&utagId=0194836e38ce0002d6d827630db105075019e06d00992&visitorId=&customerId=&_deviceType=DESKTOP&_customerState=GUEST
Offers,Offer code WINTER,Clothing,Women,Western,Outerwear,Blazers,https://www.macys.com/xapi/discover/v1/page?pathname=/shop/womens-clothing/all-womens-clothing/womens-blazers/Special_offers/Offer%20code%20WINTER&id=55429&_navigationType=BROWSE&_shoppingMode=SITE&sortBy=ORIGINAL&productsPerPage=60&pageIndex=2&_application=SITE&_regionCode=US&currencyCode=USD&size=medium&spItemsVersion=1.1&utagId=0194836e38ce0002d6d827630db105075019e06d00992&visitorId=&customerId=&_deviceType=DESKTOP&_customerState=GUEST
Offers,Sales & Discounts,Clothing,Women,Western,Outerwear,Blazers,https://www.macys.com/xapi/discover/v1/page?pathname=/shop/womens-clothing/all-womens-clothing/womens-blazers/Special_offers/Sales%20%26%20Discounts&id=55429&_navigationType=BROWSE&_shoppingMode=SITE&sortBy=ORIGINAL&productsPerPage=60&pageIndex=2&_application=SITE&_regionCode=US&currencyCode=USD&size=medium&spItemsVersion=1.1&utagId=0194836e38ce0002d6d827630db105075019e06d00992&visitorId=&customerId=&_deviceType=DESKTOP&_customerState=GUEST
Customer's Top Rated,5 stars,Clothing,Women,Western,Outerwear,Blazers,https://www.macys.com/xapi/discover/v1/page?pathname=/shop/womens-clothing/all-womens-clothing/womens-blazers/Custratings/5%20stars&id=55429&_navigationType=BROWSE&_shoppingMode=SITE&sortBy=ORIGINAL&productsPerPage=60&pageIndex=2&_application=SITE&_regionCode=US&currencyCode=USD&size=medium&spItemsVersion=1.1&utagId=0194836e38ce0002d6d827630db105075019e06d00992&visitorId=&customerId=&_deviceType=DESKTOP&_customerState=GUEST
Customer's Top Rated,4 stars & up,Clothing,Women,Western,Outerwear,Blazers,https://www.macys.com/xapi/discover/v1/page?pathname=/shop/womens-clothing/all-womens-clothing/womens-blazers/Custratings/4%20stars%20%26%20up&id=55429&_navigationType=BROWSE&_shoppingMode=SITE&sortBy=ORIGINAL&productsPerPage=60&pageIndex=2&_application=SITE&_regionCode=US&currencyCode=USD&size=medium&spItemsVersion=1.1&utagId=0194836e38ce0002d6d827630db105075019e06d00992&visitorId=&customerId=&_deviceType=DESKTOP&_customerState=GUEST
Customer's Top Rated,3 stars & up,Clothing,Women,Western,Outerwear,Blazers,https://www.macys.com/xapi/discover/v1/page?pathname=/shop/womens-clothing/all-womens-clothing/womens-blazers/Custratings/3%20stars%20%26%20up&id=55429&_navigationType=BROWSE&_shoppingMode=SITE&sortBy=ORIGINAL&productsPerPage=60&pageIndex=2&_application=SITE&_regionCode=US&currencyCode=USD&size=medium&spItemsVersion=1.1&utagId=0194836e38ce0002d6d827630db105075019e06d00992&visitorId=&customerId=&_deviceType=DESKTOP&_customerState=GUEST
Age Group,Adult,Clothing,Women,Western,Outerwear,Blazers,https://www.macys.com/xapi/discover/v1/page?pathname=/shop/womens-clothing/all-womens-clothing/womens-blazers/Age_category/Adult&id=55429&_navigationType=BROWSE&_shoppingMode=SITE&sortBy=ORIGINAL&productsPerPage=60&pageIndex=2&_application=SITE&_regionCode=US&currencyCode=USD&size=medium&spItemsVersion=1.1&utagId=0194836e38ce0002d6d827630db105075019e06d00992&visitorId=&customerId=&_deviceType=DESKTOP&_customerState=GUEST
Age Group,Teen,Clothing,Women,Western,Outerwear,Blazers,https://www.macys.com/xapi/discover/v1/page?pathname=/shop/womens-clothing/all-womens-clothing/womens-blazers/Age_category/Teen&id=55429&_navigationType=BROWSE&_shoppingMode=SITE&sortBy=ORIGINAL&productsPerPage=60&pageIndex=2&_application=SITE&_regionCode=US&currencyCode=USD&size=medium&spItemsVersion=1.1&utagId=0194836e38ce0002d6d827630db105075019e06d00992&visitorId=&customerId=&_deviceType=DESKTOP&_customerState=GUEST
