,Product_Category,Category,Subcategory1,Subcategory2,Subcategory3,Attr_Name,Attr_Value,Url
0,Clothing,Women,Western,Dresses and Jumpsuits,Dresses,Color Family,pink,https://dyn.dessy.com/api/fastnav/parseUrl/?countrycode=us&currencycode=USD&addbuckets=displaydessyus&url=%2F/bridesmaid-dresses-in-pinks/?page=2%2F%3Fpage%3D0%26rpp%3D36
1,Clothing,Women,Western,Dresses and Jumpsuits,Dresses,Color Family,orange,https://dyn.dessy.com/api/fastnav/parseUrl/?countrycode=us&currencycode=USD&addbuckets=displaydessyus&url=%2F/bridesmaid-dresses-in-oranges/?page=2%2F%3Fpage%3D0%26rpp%3D36
2,Clothing,Women,Western,Dresses and Jumpsuits,Dresses,Color Family,red,https://dyn.dessy.com/api/fastnav/parseUrl/?countrycode=us&currencycode=USD&addbuckets=displaydessyus&url=%2F/bridesmaid-dresses-in-reds/?page=2%2F%3Fpage%3D0%26rpp%3D36
3,Clothing,Women,Western,Dresses and Jumpsuits,Dresses,Color Family,yellow,https://dyn.dessy.com/api/fastnav/parseUrl/?countrycode=us&currencycode=USD&addbuckets=displaydessyus&url=%2F/bridesmaid-dresses-in-yellows/?page=2%2F%3Fpage%3D0%26rpp%3D36
4,Clothing,Women,Western,Dresses and Jumpsuits,Dresses,Color Family,floral,https://dyn.dessy.com/api/fastnav/parseUrl/?countrycode=us&currencycode=USD&addbuckets=displaydessyus&url=%2F/bridesmaid-dresses-in-florals/?page=2%2F%3Fpage%3D0%26rpp%3D36
5,Clothing,Women,Western,Dresses and Jumpsuits,Dresses,Color Family,green,https://dyn.dessy.com/api/fastnav/parseUrl/?countrycode=us&currencycode=USD&addbuckets=displaydessyus&url=%2F/bridesmaid-dresses-in-greens/?page=2%2F%3Fpage%3D0%26rpp%3D36
6,Clothing,Women,Western,Dresses and Jumpsuits,Dresses,Color Family,blue,https://dyn.dessy.com/api/fastnav/parseUrl/?countrycode=us&currencycode=USD&addbuckets=displaydessyus&url=%2F/bridesmaid-dresses-in-blues/?page=2%2F%3Fpage%3D0%26rpp%3D36
7,Clothing,Women,Western,Dresses and Jumpsuits,Dresses,Color Family,purple,https://dyn.dessy.com/api/fastnav/parseUrl/?countrycode=us&currencycode=USD&addbuckets=displaydessyus&url=%2F/bridesmaid-dresses-in-purples/?page=2%2F%3Fpage%3D0%26rpp%3D36
8,Clothing,Women,Western,Dresses and Jumpsuits,Dresses,Color Family,neutral,https://dyn.dessy.com/api/fastnav/parseUrl/?countrycode=us&currencycode=USD&addbuckets=displaydessyus&url=%2F/bridesmaid-dresses-in-neutrals/?page=2%2F%3Fpage%3D0%26rpp%3D36
9,Clothing,Women,Western,Dresses and Jumpsuits,Dresses,Color Family,gray,https://dyn.dessy.com/api/fastnav/parseUrl/?countrycode=us&currencycode=USD&addbuckets=displaydessyus&url=%2F/bridesmaid-dresses-in-grays/?page=2%2F%3Fpage%3D0%26rpp%3D36
10,Clothing,Women,Western,Dresses and Jumpsuits,Dresses,Color Family,brown,https://dyn.dessy.com/api/fastnav/parseUrl/?countrycode=us&currencycode=USD&addbuckets=displaydessyus&url=%2F/bridesmaid-dresses-in-browns/?page=2%2F%3Fpage%3D0%26rpp%3D36
11,Clothing,Women,Western,Dresses and Jumpsuits,Dresses,Color Family,nude,https://dyn.dessy.com/api/fastnav/parseUrl/?countrycode=us&currencycode=USD&addbuckets=displaydessyus&url=%2F/bridesmaid-dresses-in-nude/?page=2%2F%3Fpage%3D0%26rpp%3D36
12,Clothing,Women,Western,Dresses and Jumpsuits,Dresses,Color Family,lwd,https://dyn.dessy.com/api/fastnav/parseUrl/?countrycode=us&currencycode=USD&addbuckets=displaydessyus&url=%2F/bridesmaid-dresses-in-lwds/?page=2%2F%3Fpage%3D0%26rpp%3D36
13,Clothing,Women,Western,Dresses and Jumpsuits,Dresses,Color Family,white,https://dyn.dessy.com/api/fastnav/parseUrl/?countrycode=us&currencycode=USD&addbuckets=displaydessyus&url=%2F/bridesmaid-dresses-in-whites/?page=2%2F%3Fpage%3D0%26rpp%3D36
14,Clothing,Women,Western,Dresses and Jumpsuits,Dresses,Color Family,print,https://dyn.dessy.com/api/fastnav/parseUrl/?countrycode=us&currencycode=USD&addbuckets=displaydessyus&url=%2F/bridesmaid-dresses-in-prints/?page=2%2F%3Fpage%3D0%26rpp%3D36
15,Clothing,Women,Western,Dresses and Jumpsuits,Dresses,Color Family,black,https://dyn.dessy.com/api/fastnav/parseUrl/?countrycode=us&currencycode=USD&addbuckets=displaydessyus&url=%2F/bridesmaid-dresses-in-blacks/?page=2%2F%3Fpage%3D0%26rpp%3D36
16,Clothing,Women,Western,Dresses and Jumpsuits,Dresses,Length,cocktail,https://dyn.dessy.com/api/fastnav/parseUrl/?countrycode=us&currencycode=USD&addbuckets=displaydessyus&url=%2F/bridesmaid-dresses/?dresslength=cocktail%2F%3Fpage%3D0%26rpp%3D36
17,Clothing,Women,Western,Dresses and Jumpsuits,Dresses,Length,maxi,https://dyn.dessy.com/api/fastnav/parseUrl/?countrycode=us&currencycode=USD&addbuckets=displaydessyus&url=%2F/bridesmaid-dresses/?dresslength=full-length%2F%3Fpage%3D0%26rpp%3D36
18,Clothing,Women,Western,Dresses and Jumpsuits,Dresses,Length,midi,https://dyn.dessy.com/api/fastnav/parseUrl/?countrycode=us&currencycode=USD&addbuckets=displaydessyus&url=%2F/bridesmaid-dresses/?dresslength=midi-length%2F%3Fpage%3D0%26rpp%3D36
19,Clothing,Women,Western,Dresses and Jumpsuits,Dresses,Length,high low,https://dyn.dessy.com/api/fastnav/parseUrl/?countrycode=us&currencycode=USD&addbuckets=displaydessyus&url=%2F/bridesmaid-dresses/?dresslength=high-low%2F%3Fpage%3D0%26rpp%3D36
20,Clothing,Women,Western,Dresses and Jumpsuits,Dresses,Length,ballet length,https://dyn.dessy.com/api/fastnav/parseUrl/?countrycode=us&currencycode=USD&addbuckets=displaydessyus&url=%2F/bridesmaid-dresses/?dresslength=ballet-length%2F%3Fpage%3D0%26rpp%3D36
21,Clothing,Women,Western,Dresses and Jumpsuits,Dresses,Fabric,Floral Jacquard,https://dyn.dessy.com/api/fastnav/parseUrl/?countrycode=us&currencycode=USD&addbuckets=displaydessyus&url=%2F/bridesmaid-dresses/?fabric=floral-jacquard%2F%3Fpage%3D0%26rpp%3D36
22,Clothing,Women,Western,Dresses and Jumpsuits,Dresses,Fabric,Tulle,https://dyn.dessy.com/api/fastnav/parseUrl/?countrycode=us&currencycode=USD&addbuckets=displaydessyus&url=%2F/bridesmaid-dresses/?fabric=tulle%2F%3Fpage%3D0%26rpp%3D36
23,Clothing,Women,Western,Dresses and Jumpsuits,Dresses,Fabric,Organdy,https://dyn.dessy.com/api/fastnav/parseUrl/?countrycode=us&currencycode=USD&addbuckets=displaydessyus&url=%2F/bridesmaid-dresses/?fabric=organdy%2F%3Fpage%3D0%26rpp%3D36
24,Clothing,Women,Western,Dresses and Jumpsuits,Dresses,Fabric,Soft Tulle,https://dyn.dessy.com/api/fastnav/parseUrl/?countrycode=us&currencycode=USD&addbuckets=displaydessyus&url=%2F/bridesmaid-dresses/?fabric=soft-tulle%2F%3Fpage%3D0%26rpp%3D36
25,Clothing,Women,Western,Dresses and Jumpsuits,Dresses,Fabric,Crepe,https://dyn.dessy.com/api/fastnav/parseUrl/?countrycode=us&currencycode=USD&addbuckets=displaydessyus&url=%2F/bridesmaid-dresses/?fabric=crepe%2F%3Fpage%3D0%26rpp%3D36
26,Clothing,Women,Western,Dresses and Jumpsuits,Dresses,Fabric,Lux Chiffon,https://dyn.dessy.com/api/fastnav/parseUrl/?countrycode=us&currencycode=USD&addbuckets=displaydessyus&url=%2F/bridesmaid-dresses/?fabric=lux-chiffon%2F%3Fpage%3D0%26rpp%3D36
27,Clothing,Women,Western,Dresses and Jumpsuits,Dresses,Fabric,Wool / Nylon,https://dyn.dessy.com/api/fastnav/parseUrl/?countrycode=us&currencycode=USD&addbuckets=displaydessyus&url=%2F/bridesmaid-dresses/?fabric=wool-nylon%2F%3Fpage%3D0%26rpp%3D36
28,Clothing,Women,Western,Dresses and Jumpsuits,Dresses,Fabric,Maracaine Jersey,https://dyn.dessy.com/api/fastnav/parseUrl/?countrycode=us&currencycode=USD&addbuckets=displaydessyus&url=%2F/bridesmaid-dresses/?fabric=maracaine-jersey%2F%3Fpage%3D0%26rpp%3D36
29,Clothing,Women,Western,Dresses and Jumpsuits,Dresses,Fabric,Elle Sequin,https://dyn.dessy.com/api/fastnav/parseUrl/?countrycode=us&currencycode=USD&addbuckets=displaydessyus&url=%2F/bridesmaid-dresses/?fabric=elle-sequin%2F%3Fpage%3D0%26rpp%3D36
30,Clothing,Women,Western,Dresses and Jumpsuits,Dresses,Fabric,Lux Charmeuse,https://dyn.dessy.com/api/fastnav/parseUrl/?countrycode=us&currencycode=USD&addbuckets=displaydessyus&url=%2F/bridesmaid-dresses/?fabric=lux-charmeuse%2F%3Fpage%3D0%26rpp%3D36
31,Clothing,Women,Western,Dresses and Jumpsuits,Dresses,Fabric,Satin Twill,https://dyn.dessy.com/api/fastnav/parseUrl/?countrycode=us&currencycode=USD&addbuckets=displaydessyus&url=%2F/bridesmaid-dresses/?fabric=satin-twill%2F%3Fpage%3D0%26rpp%3D36
32,Clothing,Women,Western,Dresses and Jumpsuits,Dresses,Fabric,Lux Jersey,https://dyn.dessy.com/api/fastnav/parseUrl/?countrycode=us&currencycode=USD&addbuckets=displaydessyus&url=%2F/bridesmaid-dresses/?fabric=lux-jersey%2F%3Fpage%3D0%26rpp%3D36
33,Clothing,Women,Western,Dresses and Jumpsuits,Dresses,Fabric,Lux Velvet,https://dyn.dessy.com/api/fastnav/parseUrl/?countrycode=us&currencycode=USD&addbuckets=displaydessyus&url=%2F/bridesmaid-dresses/?fabric=lux-velvet%2F%3Fpage%3D0%26rpp%3D36
34,Clothing,Women,Western,Dresses and Jumpsuits,Dresses,Fabric,Whisper Satin,https://dyn.dessy.com/api/fastnav/parseUrl/?countrycode=us&currencycode=USD&addbuckets=displaydessyus&url=%2F/bridesmaid-dresses/?fabric=whisper-satin%2F%3Fpage%3D0%26rpp%3D36
35,Clothing,Women,Western,Dresses and Jumpsuits,Dresses,Fabric,Luxe Stretch Satin,https://dyn.dessy.com/api/fastnav/parseUrl/?countrycode=us&currencycode=USD&addbuckets=displaydessyus&url=%2F/bridesmaid-dresses/?fabric=luxe-stretch-satin%2F%3Fpage%3D0%26rpp%3D36
36,Clothing,Women,Western,Dresses and Jumpsuits,Dresses,Fabric,Neu Tulle,https://dyn.dessy.com/api/fastnav/parseUrl/?countrycode=us&currencycode=USD&addbuckets=displaydessyus&url=%2F/bridesmaid-dresses/?fabric=neu-tulle%2F%3Fpage%3D0%26rpp%3D36
37,Clothing,Women,Western,Dresses and Jumpsuits,Dresses,Fabric,Neu Stretch Charmeuse,https://dyn.dessy.com/api/fastnav/parseUrl/?countrycode=us&currencycode=USD&addbuckets=displaydessyus&url=%2F/bridesmaid-dresses/?fabric=neu-stretch-charmeuse%2F%3Fpage%3D0%26rpp%3D36
38,Clothing,Women,Western,Dresses and Jumpsuits,Dresses,Fabric,Pleated Metallic,https://dyn.dessy.com/api/fastnav/parseUrl/?countrycode=us&currencycode=USD&addbuckets=displaydessyus&url=%2F/bridesmaid-dresses/?fabric=pleated-metallic%2F%3Fpage%3D0%26rpp%3D36
39,Clothing,Women,Western,Dresses and Jumpsuits,Dresses,Fabric,Pleated Metallic Gold Foil,https://dyn.dessy.com/api/fastnav/parseUrl/?countrycode=us&currencycode=USD&addbuckets=displaydessyus&url=%2F/bridesmaid-dresses/?fabric=pleated-metallic-gold-foil%2F%3Fpage%3D0%26rpp%3D36
40,Clothing,Women,Western,Dresses and Jumpsuits,Dresses,Fabric,Trellis 3D Sequin Embroidery,https://dyn.dessy.com/api/fastnav/parseUrl/?countrycode=us&currencycode=USD&addbuckets=displaydessyus&url=%2F/bridesmaid-dresses/?fabric=trellis-3d-sequin-embroidery%2F%3Fpage%3D0%26rpp%3D36
41,Clothing,Women,Western,Dresses and Jumpsuits,Dresses,Fabric,Ivy Fleur Embroidery,https://dyn.dessy.com/api/fastnav/parseUrl/?countrycode=us&currencycode=USD&addbuckets=displaydessyus&url=%2F/bridesmaid-dresses/?fabric=ivy-fleur-embroidery%2F%3Fpage%3D0%26rpp%3D36
42,Clothing,Women,Western,Dresses and Jumpsuits,Dresses,Fabric,Baroque Rose Damask,https://dyn.dessy.com/api/fastnav/parseUrl/?countrycode=us&currencycode=USD&addbuckets=displaydessyus&url=%2F/bridesmaid-dresses/?fabric=baroque-rose-damask%2F%3Fpage%3D0%26rpp%3D36
43,Clothing,Women,Western,Dresses and Jumpsuits,Dresses,Fabric,Gold Leaf Brocade,https://dyn.dessy.com/api/fastnav/parseUrl/?countrycode=us&currencycode=USD&addbuckets=displaydessyus&url=%2F/bridesmaid-dresses/?fabric=gold-leaf-brocade%2F%3Fpage%3D0%26rpp%3D36
44,Clothing,Women,Western,Dresses and Jumpsuits,Dresses,Fabric,Marguerite Ditsy Jacquard,https://dyn.dessy.com/api/fastnav/parseUrl/?countrycode=us&currencycode=USD&addbuckets=displaydessyus&url=%2F/bridesmaid-dresses/?fabric=marguerite-ditsy-jacquard%2F%3Fpage%3D0%26rpp%3D36
45,Clothing,Women,Western,Dresses and Jumpsuits,Dresses,Fabric,Pleated Metallic Ombre,https://dyn.dessy.com/api/fastnav/parseUrl/?countrycode=us&currencycode=USD&addbuckets=displaydessyus&url=%2F/bridesmaid-dresses/?fabric=pleated-metallic-ombre%2F%3Fpage%3D0%26rpp%3D36
46,Clothing,Women,Western,Dresses and Jumpsuits,Dresses,Fabric,Pleated Metallic Harvest Floral,https://dyn.dessy.com/api/fastnav/parseUrl/?countrycode=us&currencycode=USD&addbuckets=displaydessyus&url=%2F/bridesmaid-dresses/?fabric=pleated-metallic-harvest-floral%2F%3Fpage%3D0%26rpp%3D36
47,Clothing,Women,Western,Dresses and Jumpsuits,Dresses,Fabric,Floret Pearl Sequin,https://dyn.dessy.com/api/fastnav/parseUrl/?countrycode=us&currencycode=USD&addbuckets=displaydessyus&url=%2F/bridesmaid-dresses/?fabric=floret-pearl-sequin%2F%3Fpage%3D0%26rpp%3D36
48,Clothing,Women,Western,Dresses and Jumpsuits,Dresses,Fabric,Fluid Satin,https://dyn.dessy.com/api/fastnav/parseUrl/?countrycode=us&currencycode=USD&addbuckets=displaydessyus&url=%2F/bridesmaid-dresses/?fabric=fluid-satin%2F%3Fpage%3D0%26rpp%3D36
49,Clothing,Women,Western,Dresses and Jumpsuits,Dresses,Fabric,Luxe Bridal Tweed,https://dyn.dessy.com/api/fastnav/parseUrl/?countrycode=us&currencycode=USD&addbuckets=displaydessyus&url=%2F/bridesmaid-dresses/?fabric=luxe-bridal-tweed%2F%3Fpage%3D0%26rpp%3D36
50,Clothing,Women,Western,Dresses and Jumpsuits,Dresses,Neckline,halter,https://dyn.dessy.com/api/fastnav/parseUrl/?countrycode=us&currencycode=USD&addbuckets=displaydessyus&url=%2F/bridesmaid-dresses/?neckline=halter%2F%3Fpage%3D0%26rpp%3D36
51,Clothing,Women,Western,Dresses and Jumpsuits,Dresses,Neckline,sweetheart,https://dyn.dessy.com/api/fastnav/parseUrl/?countrycode=us&currencycode=USD&addbuckets=displaydessyus&url=%2F/bridesmaid-dresses/?neckline=sweetheart%2F%3Fpage%3D0%26rpp%3D36
52,Clothing,Women,Western,Dresses and Jumpsuits,Dresses,Neckline,round,https://dyn.dessy.com/api/fastnav/parseUrl/?countrycode=us&currencycode=USD&addbuckets=displaydessyus&url=%2F/bridesmaid-dresses/?neckline=round%2F%3Fpage%3D0%26rpp%3D36
53,Clothing,Women,Western,Dresses and Jumpsuits,Dresses,Neckline,v-neck,https://dyn.dessy.com/api/fastnav/parseUrl/?countrycode=us&currencycode=USD&addbuckets=displaydessyus&url=%2F/bridesmaid-dresses/?neckline=v-neck%2F%3Fpage%3D0%26rpp%3D36
54,Clothing,Women,Western,Dresses and Jumpsuits,Dresses,Neckline,scoop,https://dyn.dessy.com/api/fastnav/parseUrl/?countrycode=us&currencycode=USD&addbuckets=displaydessyus&url=%2F/bridesmaid-dresses/?neckline=scoop%2F%3Fpage%3D0%26rpp%3D36
55,Clothing,Women,Western,Dresses and Jumpsuits,Dresses,Neckline,square,https://dyn.dessy.com/api/fastnav/parseUrl/?countrycode=us&currencycode=USD&addbuckets=displaydessyus&url=%2F/bridesmaid-dresses/?neckline=square%2F%3Fpage%3D0%26rpp%3D36
56,Clothing,Women,Western,Dresses and Jumpsuits,Dresses,Neckline,one shoulder,https://dyn.dessy.com/api/fastnav/parseUrl/?countrycode=us&currencycode=USD&addbuckets=displaydessyus&url=%2F/bridesmaid-dresses/?neckline=one-shoulder%2F%3Fpage%3D0%26rpp%3D36
57,Clothing,Women,Western,Dresses and Jumpsuits,Dresses,Neckline,bateau,https://dyn.dessy.com/api/fastnav/parseUrl/?countrycode=us&currencycode=USD&addbuckets=displaydessyus&url=%2F/bridesmaid-dresses/?neckline=bateau%2F%3Fpage%3D0%26rpp%3D36
58,Clothing,Women,Western,Dresses and Jumpsuits,Dresses,Neckline,jewel,https://dyn.dessy.com/api/fastnav/parseUrl/?countrycode=us&currencycode=USD&addbuckets=displaydessyus&url=%2F/bridesmaid-dresses/?neckline=jewel%2F%3Fpage%3D0%26rpp%3D36
59,Clothing,Women,Western,Dresses and Jumpsuits,Dresses,Neckline,illusion,https://dyn.dessy.com/api/fastnav/parseUrl/?countrycode=us&currencycode=USD&addbuckets=displaydessyus&url=%2F/bridesmaid-dresses/?style=illusion-front%2F%3Fpage%3D0%26rpp%3D36
60,Clothing,Women,Western,Dresses and Jumpsuits,Dresses,Neckline,keyhole,https://dyn.dessy.com/api/fastnav/parseUrl/?countrycode=us&currencycode=USD&addbuckets=displaydessyus&url=%2F/bridesmaid-dresses/?style=keyhole%2F%3Fpage%3D0%26rpp%3D36
61,Clothing,Women,Western,Dresses and Jumpsuits,Dresses,Neckline,cowl,https://dyn.dessy.com/api/fastnav/parseUrl/?countrycode=us&currencycode=USD&addbuckets=displaydessyus&url=%2F/bridesmaid-dresses/?style=cowl-front%2F%3Fpage%3D0%26rpp%3D36
62,Clothing,Women,Western,Dresses and Jumpsuits,Dresses,Neckline,notch,https://dyn.dessy.com/api/fastnav/parseUrl/?countrycode=us&currencycode=USD&addbuckets=displaydessyus&url=%2F/bridesmaid-dresses/?neckline=notch%2F%3Fpage%3D0%26rpp%3D36
63,Clothing,Women,Western,Dresses and Jumpsuits,Dresses,Neckline,straight,https://dyn.dessy.com/api/fastnav/parseUrl/?countrycode=us&currencycode=USD&addbuckets=displaydessyus&url=%2F/bridesmaid-dresses/?neckline=straight%2F%3Fpage%3D0%26rpp%3D36
64,Clothing,Women,Western,Dresses and Jumpsuits,Dresses,Neckline,high neck,https://dyn.dessy.com/api/fastnav/parseUrl/?countrycode=us&currencycode=USD&addbuckets=displaydessyus&url=%2F/bridesmaid-dresses/?neckline=high-neck%2F%3Fpage%3D0%26rpp%3D36
65,Clothing,Women,Western,Dresses and Jumpsuits,Dresses,Neckline,basque neckline,https://dyn.dessy.com/api/fastnav/parseUrl/?countrycode=us&currencycode=USD&addbuckets=displaydessyus&url=%2F/bridesmaid-dresses/?neckline=basque%2F%3Fpage%3D0%26rpp%3D36
66,Clothing,Women,Western,Dresses and Jumpsuits,Dresses,Silhouette,a-line,https://dyn.dessy.com/api/fastnav/parseUrl/?countrycode=us&currencycode=USD&addbuckets=displaydessyus&url=%2F/bridesmaid-dresses/?style=a-line%2F%3Fpage%3D0%26rpp%3D36
67,Clothing,Women,Western,Dresses and Jumpsuits,Dresses,Silhouette,drop waist,https://dyn.dessy.com/api/fastnav/parseUrl/?countrycode=us&currencycode=USD&addbuckets=displaydessyus&url=%2F/bridesmaid-dresses/?style=drop-waist%2F%3Fpage%3D0%26rpp%3D36
68,Clothing,Women,Western,Dresses and Jumpsuits,Dresses,Silhouette,empire waist,https://dyn.dessy.com/api/fastnav/parseUrl/?countrycode=us&currencycode=USD&addbuckets=displaydessyus&url=%2F/bridesmaid-dresses/?style=empire-waist%2F%3Fpage%3D0%26rpp%3D36
69,Clothing,Women,Western,Dresses and Jumpsuits,Dresses,Silhouette,princess waist,https://dyn.dessy.com/api/fastnav/parseUrl/?countrycode=us&currencycode=USD&addbuckets=displaydessyus&url=%2F/bridesmaid-dresses/?style=princess-waist%2F%3Fpage%3D0%26rpp%3D36
70,Clothing,Women,Western,Dresses and Jumpsuits,Dresses,Silhouette,natural waist,https://dyn.dessy.com/api/fastnav/parseUrl/?countrycode=us&currencycode=USD&addbuckets=displaydessyus&url=%2F/bridesmaid-dresses/?style=natural-waist%2F%3Fpage%3D0%26rpp%3D36
71,Clothing,Women,Western,Dresses and Jumpsuits,Dresses,Silhouette,full skirt,https://dyn.dessy.com/api/fastnav/parseUrl/?countrycode=us&currencycode=USD&addbuckets=displaydessyus&url=%2F/bridesmaid-dresses/?style=full-skirt%2F%3Fpage%3D0%26rpp%3D36
72,Clothing,Women,Western,Dresses and Jumpsuits,Dresses,Silhouette,trumpet/mermaid,https://dyn.dessy.com/api/fastnav/parseUrl/?countrycode=us&currencycode=USD&addbuckets=displaydessyus&url=%2F/bridesmaid-dresses/?silhouette=trumpet-mermaid%2F%3Fpage%3D0%26rpp%3D36
73,Clothing,Women,Western,Dresses and Jumpsuits,Dresses,Silhouette,wrap/surplice,https://dyn.dessy.com/api/fastnav/parseUrl/?countrycode=us&currencycode=USD&addbuckets=displaydessyus&url=%2F/bridesmaid-dresses/?style=wrap-surplice%2F%3Fpage%3D0%26rpp%3D36
74,Clothing,Women,Western,Dresses and Jumpsuits,Dresses,Silhouette,pencil/column,https://dyn.dessy.com/api/fastnav/parseUrl/?countrycode=us&currencycode=USD&addbuckets=displaydessyus&url=%2F/bridesmaid-dresses/?style=pencil-column%2F%3Fpage%3D0%26rpp%3D36
75,Clothing,Women,Western,Dresses and Jumpsuits,Dresses,Silhouette,circle skirt,https://dyn.dessy.com/api/fastnav/parseUrl/?countrycode=us&currencycode=USD&addbuckets=displaydessyus&url=%2F/bridesmaid-dresses/?style=circle-skirt%2F%3Fpage%3D0%26rpp%3D36
76,Clothing,Women,Western,Dresses and Jumpsuits,Dresses,Silhouette,shirred skirt,https://dyn.dessy.com/api/fastnav/parseUrl/?countrycode=us&currencycode=USD&addbuckets=displaydessyus&url=%2F/bridesmaid-dresses/?style=shirred-skirt%2F%3Fpage%3D0%26rpp%3D36
77,Clothing,Women,Western,Dresses and Jumpsuits,Dresses,Silhouette,blouson,https://dyn.dessy.com/api/fastnav/parseUrl/?countrycode=us&currencycode=USD&addbuckets=displaydessyus&url=%2F/bridesmaid-dresses/?style=blouson%2F%3Fpage%3D0%26rpp%3D36
78,Clothing,Women,Western,Dresses and Jumpsuits,Dresses,Silhouette,bustier/corset,https://dyn.dessy.com/api/fastnav/parseUrl/?countrycode=us&currencycode=USD&addbuckets=displaydessyus&url=%2F/bridesmaid-dresses/?style=bustier-bodice%2F%3Fpage%3D0%26rpp%3D36
79,Clothing,Women,Western,Dresses and Jumpsuits,Dresses,Silhouette,flared skirt,https://dyn.dessy.com/api/fastnav/parseUrl/?countrycode=us&currencycode=USD&addbuckets=displaydessyus&url=%2F/bridesmaid-dresses/?silhouette=flared-skirt%2F%3Fpage%3D0%26rpp%3D36
80,Clothing,Women,Western,Dresses and Jumpsuits,Dresses,Silhouette,tulip skirt,https://dyn.dessy.com/api/fastnav/parseUrl/?countrycode=us&currencycode=USD&addbuckets=displaydessyus&url=%2F/bridesmaid-dresses/?silhouette=tulip-skirt%2F%3Fpage%3D0%26rpp%3D36
81,Clothing,Women,Western,Dresses and Jumpsuits,Dresses,Silhouette,asymmetrical,https://dyn.dessy.com/api/fastnav/parseUrl/?countrycode=us&currencycode=USD&addbuckets=displaydessyus&url=%2F/bridesmaid-dresses/?silhouette=asymmetrical%2F%3Fpage%3D0%26rpp%3D36
82,Clothing,Women,Western,Dresses and Jumpsuits,Dresses,Silhouette,slip dress,https://dyn.dessy.com/api/fastnav/parseUrl/?countrycode=us&currencycode=USD&addbuckets=displaydessyus&url=%2F/bridesmaid-dresses/?silhouette=slip-dress%2F%3Fpage%3D0%26rpp%3D36
83,Clothing,Women,Western,Dresses and Jumpsuits,Dresses,Silhouette,flexible waist,https://dyn.dessy.com/api/fastnav/parseUrl/?countrycode=us&currencycode=USD&addbuckets=displaydessyus&url=%2F/bridesmaid-dresses/?silhouette=flexible-waist%2F%3Fpage%3D0%26rpp%3D36
84,Clothing,Women,Western,Dresses and Jumpsuits,Dresses,Silhouette,bias dress,https://dyn.dessy.com/api/fastnav/parseUrl/?countrycode=us&currencycode=USD&addbuckets=displaydessyus&url=%2F/bridesmaid-dresses/?silhouette=bias-dress%2F%3Fpage%3D0%26rpp%3D36
85,Clothing,Women,Western,Dresses and Jumpsuits,Dresses,Silhouette,tiered skirt,https://dyn.dessy.com/api/fastnav/parseUrl/?countrycode=us&currencycode=USD&addbuckets=displaydessyus&url=%2F/bridesmaid-dresses/?silhouette=tiered-skirt%2F%3Fpage%3D0%26rpp%3D36
86,Clothing,Women,Western,Dresses and Jumpsuits,Dresses,Silhouette,cutout waist,https://dyn.dessy.com/api/fastnav/parseUrl/?countrycode=us&currencycode=USD&addbuckets=displaydessyus&url=%2F/bridesmaid-dresses/?silhouette=cutout-waist%2F%3Fpage%3D0%26rpp%3D36
87,Clothing,Women,Western,Dresses and Jumpsuits,Dresses,Details,belt,https://dyn.dessy.com/api/fastnav/parseUrl/?countrycode=us&currencycode=USD&addbuckets=displaydessyus&url=%2F/bridesmaid-dresses/?detailing=belt%2F%3Fpage%3D0%26rpp%3D36
88,Clothing,Women,Western,Dresses and Jumpsuits,Dresses,Details,rosettes,https://dyn.dessy.com/api/fastnav/parseUrl/?countrycode=us&currencycode=USD&addbuckets=displaydessyus&url=%2F/bridesmaid-dresses/?detailing=rosettes%2F%3Fpage%3D0%26rpp%3D36
89,Clothing,Women,Western,Dresses and Jumpsuits,Dresses,Details,pockets,https://dyn.dessy.com/api/fastnav/parseUrl/?countrycode=us&currencycode=USD&addbuckets=displaydessyus&url=%2F/bridesmaid-dresses/?detailing=pockets%2F%3Fpage%3D0%26rpp%3D36
90,Clothing,Women,Western,Dresses and Jumpsuits,Dresses,Details,bow,https://dyn.dessy.com/api/fastnav/parseUrl/?countrycode=us&currencycode=USD&addbuckets=displaydessyus&url=%2F/bridesmaid-dresses/?detailing=bow%2F%3Fpage%3D0%26rpp%3D36
91,Clothing,Women,Western,Dresses and Jumpsuits,Dresses,Details,ruffles,https://dyn.dessy.com/api/fastnav/parseUrl/?countrycode=us&currencycode=USD&addbuckets=displaydessyus&url=%2F/bridesmaid-dresses/?detailing=ruffles%2F%3Fpage%3D0%26rpp%3D36
92,Clothing,Women,Western,Dresses and Jumpsuits,Dresses,Details,beading,https://dyn.dessy.com/api/fastnav/parseUrl/?countrycode=us&currencycode=USD&addbuckets=displaydessyus&url=%2F/bridesmaid-dresses/?detailing=beading%2F%3Fpage%3D0%26rpp%3D36
93,Clothing,Women,Western,Dresses and Jumpsuits,Dresses,Details,flower,https://dyn.dessy.com/api/fastnav/parseUrl/?countrycode=us&currencycode=USD&addbuckets=displaydessyus&url=%2F/bridesmaid-dresses/?detailing=flower%2F%3Fpage%3D0%26rpp%3D36
94,Clothing,Women,Western,Dresses and Jumpsuits,Dresses,Details,sash,https://dyn.dessy.com/api/fastnav/parseUrl/?countrycode=us&currencycode=USD&addbuckets=displaydessyus&url=%2F/bridesmaid-dresses/?detailing=sash%2F%3Fpage%3D0%26rpp%3D36
95,Clothing,Women,Western,Dresses and Jumpsuits,Dresses,Details,pleated,https://dyn.dessy.com/api/fastnav/parseUrl/?countrycode=us&currencycode=USD&addbuckets=displaydessyus&url=%2F/bridesmaid-dresses/?details=pleated%2F%3Fpage%3D0%26rpp%3D36
96,Clothing,Women,Western,Dresses and Jumpsuits,Dresses,Details,ruched,https://dyn.dessy.com/api/fastnav/parseUrl/?countrycode=us&currencycode=USD&addbuckets=displaydessyus&url=%2F/bridesmaid-dresses/?details=ruched%2F%3Fpage%3D0%26rpp%3D36
97,Clothing,Women,Western,Dresses and Jumpsuits,Dresses,Details,front slit,https://dyn.dessy.com/api/fastnav/parseUrl/?countrycode=us&currencycode=USD&addbuckets=displaydessyus&url=%2F/bridesmaid-dresses/?details=front-slit%2F%3Fpage%3D0%26rpp%3D36
98,Clothing,Women,Western,Dresses and Jumpsuits,Dresses,Details,draped,https://dyn.dessy.com/api/fastnav/parseUrl/?countrycode=us&currencycode=USD&addbuckets=displaydessyus&url=%2F/bridesmaid-dresses/?detailing=draped%2F%3Fpage%3D0%26rpp%3D36
99,Clothing,Women,Western,Dresses and Jumpsuits,Dresses,Details,adjustable straps,https://dyn.dessy.com/api/fastnav/parseUrl/?countrycode=us&currencycode=USD&addbuckets=displaydessyus&url=%2F/bridesmaid-dresses/?details=adjustable-straps%2F%3Fpage%3D0%26rpp%3D36
100,Clothing,Women,Western,Dresses and Jumpsuits,Dresses,Details,inset waist,https://dyn.dessy.com/api/fastnav/parseUrl/?countrycode=us&currencycode=USD&addbuckets=displaydessyus&url=%2F/bridesmaid-dresses/?details=inset-waist%2F%3Fpage%3D0%26rpp%3D36
101,Clothing,Women,Western,Dresses and Jumpsuits,Dresses,Details,side slit,https://dyn.dessy.com/api/fastnav/parseUrl/?countrycode=us&currencycode=USD&addbuckets=displaydessyus&url=%2F/bridesmaid-dresses/?details=slide-slit%2F%3Fpage%3D0%26rpp%3D36
102,Clothing,Women,Western,Dresses and Jumpsuits,Dresses,Details,buttons,https://dyn.dessy.com/api/fastnav/parseUrl/?countrycode=us&currencycode=USD&addbuckets=displaydessyus&url=%2F/bridesmaid-dresses/?detailing=buttons%2F%3Fpage%3D0%26rpp%3D36
103,Clothing,Women,Western,Dresses and Jumpsuits,Dresses,Style,maternity,https://dyn.dessy.com/api/fastnav/parseUrl/?countrycode=us&currencycode=USD&addbuckets=displaydessyus&url=%2F/bridesmaid-dresses/maternity/%2F%3Fpage%3D0%26rpp%3D36
104,Clothing,Women,Western,Dresses and Jumpsuits,Dresses,Style,jumpsuit,https://dyn.dessy.com/api/fastnav/parseUrl/?countrycode=us&currencycode=USD&addbuckets=displaydessyus&url=%2F/bridesmaid-dresses/?style=jumpsuits%2F%3Fpage%3D0%26rpp%3D36
105,Clothing,Women,Western,Dresses and Jumpsuits,Dresses,Style,convertible,https://dyn.dessy.com/api/fastnav/parseUrl/?countrycode=us&currencycode=USD&addbuckets=displaydessyus&url=%2F/bridesmaid-dresses/?style=convertible%2F%3Fpage%3D0%26rpp%3D36
106,Clothing,Women,Western,Dresses and Jumpsuits,Dresses,Straps & Sleeves,cap sleeve,https://dyn.dessy.com/api/fastnav/parseUrl/?countrycode=us&currencycode=USD&addbuckets=displaydessyus&url=%2F/bridesmaid-dresses/?sleevelength=cap-sleeve%2F%3Fpage%3D0%26rpp%3D36
107,Clothing,Women,Western,Dresses and Jumpsuits,Dresses,Straps & Sleeves,spaghetti strap,https://dyn.dessy.com/api/fastnav/parseUrl/?countrycode=us&currencycode=USD&addbuckets=displaydessyus&url=%2F/bridesmaid-dresses/?sleevelength=spaghetti-strap%2F%3Fpage%3D0%26rpp%3D36
108,Clothing,Women,Western,Dresses and Jumpsuits,Dresses,Straps & Sleeves,strapless,https://dyn.dessy.com/api/fastnav/parseUrl/?countrycode=us&currencycode=USD&addbuckets=displaydessyus&url=%2F/bridesmaid-dresses/?sleevelength=strapless%2F%3Fpage%3D0%26rpp%3D36
109,Clothing,Women,Western,Dresses and Jumpsuits,Dresses,Straps & Sleeves,wide strap,https://dyn.dessy.com/api/fastnav/parseUrl/?countrycode=us&currencycode=USD&addbuckets=displaydessyus&url=%2F/bridesmaid-dresses/?sleevelength=wide-strap%2F%3Fpage%3D0%26rpp%3D36
110,Clothing,Women,Western,Dresses and Jumpsuits,Dresses,Straps & Sleeves,sleeveless,https://dyn.dessy.com/api/fastnav/parseUrl/?countrycode=us&currencycode=USD&addbuckets=displaydessyus&url=%2F/bridesmaid-dresses/?sleevelength=sleeveless%2F%3Fpage%3D0%26rpp%3D36
111,Clothing,Women,Western,Dresses and Jumpsuits,Dresses,Straps & Sleeves,jacket,https://dyn.dessy.com/api/fastnav/parseUrl/?countrycode=us&currencycode=USD&addbuckets=displaydessyus&url=%2F/bridesmaid-dresses/?sleevelength=jacket%2F%3Fpage%3D0%26rpp%3D36
112,Clothing,Women,Western,Dresses and Jumpsuits,Dresses,Straps & Sleeves,sleeves,https://dyn.dessy.com/api/fastnav/parseUrl/?countrycode=us&currencycode=USD&addbuckets=displaydessyus&url=%2F/bridesmaid-dresses/?sleevelength=sleeves%2F%3Fpage%3D0%26rpp%3D36
113,Clothing,Women,Western,Dresses and Jumpsuits,Dresses,Straps & Sleeves,cold shoulder,https://dyn.dessy.com/api/fastnav/parseUrl/?countrycode=us&currencycode=USD&addbuckets=displaydessyus&url=%2F/bridesmaid-dresses/?sleevelength=cold-shoulder%2F%3Fpage%3D0%26rpp%3D36
114,Clothing,Women,Western,Dresses and Jumpsuits,Dresses,Straps & Sleeves,off-the-shoulder,https://dyn.dessy.com/api/fastnav/parseUrl/?countrycode=us&currencycode=USD&addbuckets=displaydessyus&url=%2F/bridesmaid-dresses/?sleevelength=off-the-shoulder%2F%3Fpage%3D0%26rpp%3D36
115,Clothing,Women,Western,Dresses and Jumpsuits,Dresses,Straps & Sleeves,tie-strap,https://dyn.dessy.com/api/fastnav/parseUrl/?countrycode=us&currencycode=USD&addbuckets=displaydessyus&url=%2F/bridesmaid-dresses/?details=tie-strap%2F%3Fpage%3D0%26rpp%3D36
116,Clothing,Women,Western,Dresses and Jumpsuits,Dresses,Collections,After Six,https://dyn.dessy.com/api/fastnav/parseUrl/?countrycode=us&currencycode=USD&addbuckets=displaydessyus&url=%2F/bridesmaid-dresses/aftersix/%2F%3Fpage%3D0%26rpp%3D36
117,Clothing,Women,Western,Dresses and Jumpsuits,Dresses,Collections,Dessy,https://dyn.dessy.com/api/fastnav/parseUrl/?countrycode=us&currencycode=USD&addbuckets=displaydessyus&url=%2F/bridesmaid-dresses/dessy/%2F%3Fpage%3D0%26rpp%3D36
118,Clothing,Women,Western,Dresses and Jumpsuits,Dresses,Collections,Alfred Sung,https://dyn.dessy.com/api/fastnav/parseUrl/?countrycode=us&currencycode=USD&addbuckets=displaydessyus&url=%2F/bridesmaid-dresses/alfredsung/%2F%3Fpage%3D0%26rpp%3D36
119,Clothing,Women,Western,Dresses and Jumpsuits,Dresses,Collections,Junior Bridesmaid,https://dyn.dessy.com/api/fastnav/parseUrl/?countrycode=us&currencycode=USD&addbuckets=displaydessyus&url=%2F/junior-bridesmaid-dresses/%2F%3Fpage%3D0%26rpp%3D36
120,Clothing,Women,Western,Dresses and Jumpsuits,Dresses,Collections,Social Bridesmaid,https://dyn.dessy.com/api/fastnav/parseUrl/?countrycode=us&currencycode=USD&addbuckets=displaydessyus&url=%2F/bridesmaid-dresses/social-bridesmaids/%2F%3Fpage%3D0%26rpp%3D36
121,Clothing,Women,Western,Dresses and Jumpsuits,Dresses,Collections,Studio Design,https://dyn.dessy.com/api/fastnav/parseUrl/?countrycode=us&currencycode=USD&addbuckets=displaydessyus&url=%2F/bridesmaid-dresses/studio-design/%2F%3Fpage%3D0%26rpp%3D36
122,Clothing,Women,Western,Dresses and Jumpsuits,Dresses,Collections,Bella Bridesmaids,https://dyn.dessy.com/api/fastnav/parseUrl/?countrycode=us&currencycode=USD&addbuckets=displaydessyus&url=%2F/bridesmaid-dresses/bella-bridesmaids/%2F%3Fpage%3D0%26rpp%3D36
123,Clothing,Women,Western,Dresses and Jumpsuits,Dresses,Collections,Thread Bridesmaid,https://dyn.dessy.com/api/fastnav/parseUrl/?countrycode=us&currencycode=USD&addbuckets=displaydessyus&url=%2F/bridesmaid-dresses/thread-bridesmaid/%2F%3Fpage%3D0%26rpp%3D36
124,Clothing,Women,Western,Dresses and Jumpsuits,Dresses,Collections,Lovely Bridesmaids,https://dyn.dessy.com/api/fastnav/parseUrl/?countrycode=us&currencycode=USD&addbuckets=displaydessyus&url=%2F/bridesmaid-dresses/lovely-bridesmaids/%2F%3Fpage%3D0%26rpp%3D36
125,Clothing,Women,Western,Dresses and Jumpsuits,Dresses,Collections,Cynthia & Sahar,https://dyn.dessy.com/api/fastnav/parseUrl/?countrycode=us&currencycode=USD&addbuckets=displaydessyus&url=%2F/bridesmaid-dresses/cynthia-sahar/%2F%3Fpage%3D0%26rpp%3D36
126,Clothing,Women,Western,Dresses and Jumpsuits,Dresses,Back Style,illusion back,https://dyn.dessy.com/api/fastnav/parseUrl/?countrycode=us&currencycode=USD&addbuckets=displaydessyus&url=%2F/bridesmaid-dresses/?backstyle=illusion-back%2F%3Fpage%3D0%26rpp%3D36
127,Clothing,Women,Western,Dresses and Jumpsuits,Dresses,Back Style,v-back,https://dyn.dessy.com/api/fastnav/parseUrl/?countrycode=us&currencycode=USD&addbuckets=displaydessyus&url=%2F/bridesmaid-dresses/?backstyle=v-back%2F%3Fpage%3D0%26rpp%3D36
128,Clothing,Women,Western,Dresses and Jumpsuits,Dresses,Back Style,open back,https://dyn.dessy.com/api/fastnav/parseUrl/?countrycode=us&currencycode=USD&addbuckets=displaydessyus&url=%2F/bridesmaid-dresses/?backstyle=open-back%2F%3Fpage%3D0%26rpp%3D36
129,Clothing,Women,Western,Dresses and Jumpsuits,Dresses,Back Style,scoop back,https://dyn.dessy.com/api/fastnav/parseUrl/?countrycode=us&currencycode=USD&addbuckets=displaydessyus&url=%2F/bridesmaid-dresses/?backstyle=scoop-back%2F%3Fpage%3D0%26rpp%3D36
130,Clothing,Women,Western,Dresses and Jumpsuits,Dresses,Back Style,cutout back,https://dyn.dessy.com/api/fastnav/parseUrl/?countrycode=us&currencycode=USD&addbuckets=displaydessyus&url=%2F/bridesmaid-dresses/?backstyle=cutout%2F%3Fpage%3D0%26rpp%3D36
131,Clothing,Women,Western,Dresses and Jumpsuits,Dresses,Back Style,crisscross back,https://dyn.dessy.com/api/fastnav/parseUrl/?countrycode=us&currencycode=USD&addbuckets=displaydessyus&url=%2F/bridesmaid-dresses/?backstyle=crisscross%2F%3Fpage%3D0%26rpp%3D36
132,Clothing,Women,Western,Dresses and Jumpsuits,Dresses,Back Style,bow/tie back,https://dyn.dessy.com/api/fastnav/parseUrl/?countrycode=us&currencycode=USD&addbuckets=displaydessyus&url=%2F/bridesmaid-dresses/?backstyle=bow-tie%2F%3Fpage%3D0%26rpp%3D36
133,Clothing,Women,Western,Dresses and Jumpsuits,Dresses,Back Style,cowl back,https://dyn.dessy.com/api/fastnav/parseUrl/?countrycode=us&currencycode=USD&addbuckets=displaydessyus&url=%2F/bridesmaid-dresses/?backstyle=cowl-back%2F%3Fpage%3D0%26rpp%3D36
134,Clothing,Women,Western,Dresses and Jumpsuits,Dresses,Back Style,keyhole back,https://dyn.dessy.com/api/fastnav/parseUrl/?countrycode=us&currencycode=USD&addbuckets=displaydessyus&url=%2F/bridesmaid-dresses/?backstyle=keyhole-back%2F%3Fpage%3D0%26rpp%3D36
135,Clothing,Women,Western,Dresses and Jumpsuits,Dresses,Back Style,closed back,https://dyn.dessy.com/api/fastnav/parseUrl/?countrycode=us&currencycode=USD&addbuckets=displaydessyus&url=%2F/bridesmaid-dresses/?backstyle=closed-back%2F%3Fpage%3D0%26rpp%3D36
136,Clothing,Women,Western,Dresses and Jumpsuits,Dresses,Back Style,low back,https://dyn.dessy.com/api/fastnav/parseUrl/?countrycode=us&currencycode=USD&addbuckets=displaydessyus&url=%2F/bridesmaid-dresses/?backstyle=low-back%2F%3Fpage%3D0%26rpp%3D36
137,Clothing,Women,Western,Dresses and Jumpsuits,Dresses,Back Style,lace up back,https://dyn.dessy.com/api/fastnav/parseUrl/?countrycode=us&currencycode=USD&addbuckets=displaydessyus&url=%2F/bridesmaid-dresses/?backstyle=lace-up%2F%3Fpage%3D0%26rpp%3D36
