Product_Category,Category,Subcategory1,Category2,Category3,Url,Attr_Name,Attr_Value
Clothing,Women,Western,Dresses and Jumpsuits,Dresses,https://www.asos.com/api/product/search/v2/categories/8799?offset=0&includeNonPurchasableTypes=restocking&store=US&lang=en-US&currency=USD&rowlength=4&channel=desktop-web&country=US&customerLoyaltyTier=null&keyStoreDataversion=4i7nlxk-44&advertisementsPartnerId=100716&advertisementsVisitorId=4f89d8e4-c48b-4269-b118-4ff58b2ec3d9&advertisementsOptInConsent=true&limit=72&attribute_10140=3680,Length,Maxi
Clothing,Women,Western,Dresses and Jumpsuits,Dresses,https://www.asos.com/api/product/search/v2/categories/8799?offset=0&includeNonPurchasableTypes=restocking&store=US&lang=en-US&currency=USD&rowlength=4&channel=desktop-web&country=US&customerLoyaltyTier=null&keyStoreDataversion=4i7nlxk-44&advertisementsPartnerId=100716&advertisementsVisitorId=4f89d8e4-c48b-4269-b118-4ff58b2ec3d9&advertisementsOptInConsent=true&limit=72&attribute_10140=17830,Length,Midaxi
Clothing,Women,Western,Dresses and Jumpsuits,Dresses,https://www.asos.com/api/product/search/v2/categories/8799?offset=0&includeNonPurchasableTypes=restocking&store=US&lang=en-US&currency=USD&rowlength=4&channel=desktop-web&country=US&customerLoyaltyTier=null&keyStoreDataversion=4i7nlxk-44&advertisementsPartnerId=100716&advertisementsVisitorId=4f89d8e4-c48b-4269-b118-4ff58b2ec3d9&advertisementsOptInConsent=true&limit=72&attribute_10140=3679,Length,Midi
Clothing,Women,Western,Dresses and Jumpsuits,Dresses,https://www.asos.com/api/product/search/v2/categories/8799?offset=0&includeNonPurchasableTypes=restocking&store=US&lang=en-US&currency=USD&rowlength=4&channel=desktop-web&country=US&customerLoyaltyTier=null&keyStoreDataversion=4i7nlxk-44&advertisementsPartnerId=100716&advertisementsVisitorId=4f89d8e4-c48b-4269-b118-4ff58b2ec3d9&advertisementsOptInConsent=true&limit=72&attribute_10140=3677,Length,Mini
Clothing,Women,Western,Dresses and Jumpsuits,Dresses,https://www.asos.com/api/product/search/v2/categories/8799?offset=0&includeNonPurchasableTypes=restocking&store=US&lang=en-US&currency=USD&rowlength=4&channel=desktop-web&country=US&customerLoyaltyTier=null&keyStoreDataversion=4i7nlxk-44&advertisementsPartnerId=100716&advertisementsVisitorId=4f89d8e4-c48b-4269-b118-4ff58b2ec3d9&advertisementsOptInConsent=true&limit=72&attribute_10140=61444,Length,Over the Knee
Clothing,Women,Western,Dresses and Jumpsuits,Dresses,https://www.asos.com/api/product/search/v2/categories/8799?offset=0&includeNonPurchasableTypes=restocking&store=US&lang=en-US&currency=USD&rowlength=4&channel=desktop-web&country=US&customerLoyaltyTier=null&keyStoreDataversion=4i7nlxk-44&advertisementsPartnerId=100716&advertisementsVisitorId=4f89d8e4-c48b-4269-b118-4ff58b2ec3d9&advertisementsOptInConsent=true&limit=72&attribute_10155=6764,Body Fit,Main Collection
Clothing,Women,Western,Dresses and Jumpsuits,Dresses,https://www.asos.com/api/product/search/v2/categories/8799?offset=0&includeNonPurchasableTypes=restocking&store=US&lang=en-US&currency=USD&rowlength=4&channel=desktop-web&country=US&customerLoyaltyTier=null&keyStoreDataversion=4i7nlxk-44&advertisementsPartnerId=100716&advertisementsVisitorId=4f89d8e4-c48b-4269-b118-4ff58b2ec3d9&advertisementsOptInConsent=true&limit=72&attribute_10155=7699,Body Fit,Plus Size
Clothing,Women,Western,Dresses and Jumpsuits,Dresses,https://www.asos.com/api/product/search/v2/categories/8799?offset=0&includeNonPurchasableTypes=restocking&store=US&lang=en-US&currency=USD&rowlength=4&channel=desktop-web&country=US&customerLoyaltyTier=null&keyStoreDataversion=4i7nlxk-44&advertisementsPartnerId=100716&advertisementsVisitorId=4f89d8e4-c48b-4269-b118-4ff58b2ec3d9&advertisementsOptInConsent=true&limit=72&attribute_10155=6403,Body Fit,Petite
Clothing,Women,Western,Dresses and Jumpsuits,Dresses,https://www.asos.com/api/product/search/v2/categories/8799?offset=0&includeNonPurchasableTypes=restocking&store=US&lang=en-US&currency=USD&rowlength=4&channel=desktop-web&country=US&customerLoyaltyTier=null&keyStoreDataversion=4i7nlxk-44&advertisementsPartnerId=100716&advertisementsVisitorId=4f89d8e4-c48b-4269-b118-4ff58b2ec3d9&advertisementsOptInConsent=true&limit=72&attribute_10155=6399,Body Fit,Tall
Clothing,Women,Western,Dresses and Jumpsuits,Dresses,https://www.asos.com/api/product/search/v2/categories/8799?offset=0&includeNonPurchasableTypes=restocking&store=US&lang=en-US&currency=USD&rowlength=4&channel=desktop-web&country=US&customerLoyaltyTier=null&keyStoreDataversion=4i7nlxk-44&advertisementsPartnerId=100716&advertisementsVisitorId=4f89d8e4-c48b-4269-b118-4ff58b2ec3d9&advertisementsOptInConsent=true&limit=72&attribute_10155=6400,Body Fit,Maternity
Clothing,Women,Western,Dresses and Jumpsuits,Dresses,https://www.asos.com/api/product/search/v2/categories/8799?offset=0&includeNonPurchasableTypes=restocking&store=US&lang=en-US&currency=USD&rowlength=4&channel=desktop-web&country=US&customerLoyaltyTier=null&keyStoreDataversion=4i7nlxk-44&advertisementsPartnerId=100716&advertisementsVisitorId=4f89d8e4-c48b-4269-b118-4ff58b2ec3d9&advertisementsOptInConsent=true&limit=72&attribute_10155=60769,Body Fit,Fuller Bust
Clothing,Women,Western,Dresses and Jumpsuits,Dresses,https://www.asos.com/api/product/search/v2/categories/8799?offset=0&includeNonPurchasableTypes=restocking&store=US&lang=en-US&currency=USD&rowlength=4&channel=desktop-web&country=US&customerLoyaltyTier=null&keyStoreDataversion=4i7nlxk-44&advertisementsPartnerId=100716&advertisementsVisitorId=4f89d8e4-c48b-4269-b118-4ff58b2ec3d9&advertisementsOptInConsent=true&limit=72&base_colour=4,Color,Black
Clothing,Women,Western,Dresses and Jumpsuits,Dresses,https://www.asos.com/api/product/search/v2/categories/8799?offset=0&includeNonPurchasableTypes=restocking&store=US&lang=en-US&currency=USD&rowlength=4&channel=desktop-web&country=US&customerLoyaltyTier=null&keyStoreDataversion=4i7nlxk-44&advertisementsPartnerId=100716&advertisementsVisitorId=4f89d8e4-c48b-4269-b118-4ff58b2ec3d9&advertisementsOptInConsent=true&limit=72&base_colour=17,Color,Multi
Clothing,Women,Western,Dresses and Jumpsuits,Dresses,https://www.asos.com/api/product/search/v2/categories/8799?offset=0&includeNonPurchasableTypes=restocking&store=US&lang=en-US&currency=USD&rowlength=4&channel=desktop-web&country=US&customerLoyaltyTier=null&keyStoreDataversion=4i7nlxk-44&advertisementsPartnerId=100716&advertisementsVisitorId=4f89d8e4-c48b-4269-b118-4ff58b2ec3d9&advertisementsOptInConsent=true&limit=72&base_colour=5,Color,White
Clothing,Women,Western,Dresses and Jumpsuits,Dresses,https://www.asos.com/api/product/search/v2/categories/8799?offset=0&includeNonPurchasableTypes=restocking&store=US&lang=en-US&currency=USD&rowlength=4&channel=desktop-web&country=US&customerLoyaltyTier=null&keyStoreDataversion=4i7nlxk-44&advertisementsPartnerId=100716&advertisementsVisitorId=4f89d8e4-c48b-4269-b118-4ff58b2ec3d9&advertisementsOptInConsent=true&limit=72&base_colour=3,Color,Blue
Clothing,Women,Western,Dresses and Jumpsuits,Dresses,https://www.asos.com/api/product/search/v2/categories/8799?offset=0&includeNonPurchasableTypes=restocking&store=US&lang=en-US&currency=USD&rowlength=4&channel=desktop-web&country=US&customerLoyaltyTier=null&keyStoreDataversion=4i7nlxk-44&advertisementsPartnerId=100716&advertisementsVisitorId=4f89d8e4-c48b-4269-b118-4ff58b2ec3d9&advertisementsOptInConsent=true&limit=72&base_colour=2,Color,Green
Clothing,Women,Western,Dresses and Jumpsuits,Dresses,https://www.asos.com/api/product/search/v2/categories/8799?offset=0&includeNonPurchasableTypes=restocking&store=US&lang=en-US&currency=USD&rowlength=4&channel=desktop-web&country=US&customerLoyaltyTier=null&keyStoreDataversion=4i7nlxk-44&advertisementsPartnerId=100716&advertisementsVisitorId=4f89d8e4-c48b-4269-b118-4ff58b2ec3d9&advertisementsOptInConsent=true&limit=72&base_colour=1,Color,Red
Clothing,Women,Western,Dresses and Jumpsuits,Dresses,https://www.asos.com/api/product/search/v2/categories/8799?offset=0&includeNonPurchasableTypes=restocking&store=US&lang=en-US&currency=USD&rowlength=4&channel=desktop-web&country=US&customerLoyaltyTier=null&keyStoreDataversion=4i7nlxk-44&advertisementsPartnerId=100716&advertisementsVisitorId=4f89d8e4-c48b-4269-b118-4ff58b2ec3d9&advertisementsOptInConsent=true&limit=72&base_colour=10,Color,Brown
Clothing,Women,Western,Dresses and Jumpsuits,Dresses,https://www.asos.com/api/product/search/v2/categories/8799?offset=0&includeNonPurchasableTypes=restocking&store=US&lang=en-US&currency=USD&rowlength=4&channel=desktop-web&country=US&customerLoyaltyTier=null&keyStoreDataversion=4i7nlxk-44&advertisementsPartnerId=100716&advertisementsVisitorId=4f89d8e4-c48b-4269-b118-4ff58b2ec3d9&advertisementsOptInConsent=true&limit=72&base_colour=9,Color,pink
Clothing,Women,Western,Dresses and Jumpsuits,Dresses,https://www.asos.com/api/product/search/v2/categories/8799?offset=0&includeNonPurchasableTypes=restocking&store=US&lang=en-US&currency=USD&rowlength=4&channel=desktop-web&country=US&customerLoyaltyTier=null&keyStoreDataversion=4i7nlxk-44&advertisementsPartnerId=100716&advertisementsVisitorId=4f89d8e4-c48b-4269-b118-4ff58b2ec3d9&advertisementsOptInConsent=true&limit=72&base_colour=37,Color,Neutral
Clothing,Women,Western,Dresses and Jumpsuits,Dresses,https://www.asos.com/api/product/search/v2/categories/8799?offset=0&includeNonPurchasableTypes=restocking&store=US&lang=en-US&currency=USD&rowlength=4&channel=desktop-web&country=US&customerLoyaltyTier=null&keyStoreDataversion=4i7nlxk-44&advertisementsPartnerId=100716&advertisementsVisitorId=4f89d8e4-c48b-4269-b118-4ff58b2ec3d9&advertisementsOptInConsent=true&limit=72&base_colour=6,Color,Yellow
Clothing,Women,Western,Dresses and Jumpsuits,Dresses,https://www.asos.com/api/product/search/v2/categories/8799?offset=0&includeNonPurchasableTypes=restocking&store=US&lang=en-US&currency=USD&rowlength=4&channel=desktop-web&country=US&customerLoyaltyTier=null&keyStoreDataversion=4i7nlxk-44&advertisementsPartnerId=100716&advertisementsVisitorId=4f89d8e4-c48b-4269-b118-4ff58b2ec3d9&advertisementsOptInConsent=true&limit=72&base_colour=16,Color,Gray
Clothing,Women,Western,Dresses and Jumpsuits,Dresses,https://www.asos.com/api/product/search/v2/categories/8799?offset=0&includeNonPurchasableTypes=restocking&store=US&lang=en-US&currency=USD&rowlength=4&channel=desktop-web&country=US&customerLoyaltyTier=null&keyStoreDataversion=4i7nlxk-44&advertisementsPartnerId=100716&advertisementsVisitorId=4f89d8e4-c48b-4269-b118-4ff58b2ec3d9&advertisementsOptInConsent=true&limit=72&base_colour=33,Color,Navy
Clothing,Women,Western,Dresses and Jumpsuits,Dresses,https://www.asos.com/api/product/search/v2/categories/8799?offset=0&includeNonPurchasableTypes=restocking&store=US&lang=en-US&currency=USD&rowlength=4&channel=desktop-web&country=US&customerLoyaltyTier=null&keyStoreDataversion=4i7nlxk-44&advertisementsPartnerId=100716&advertisementsVisitorId=4f89d8e4-c48b-4269-b118-4ff58b2ec3d9&advertisementsOptInConsent=true&limit=72&base_colour=7,Color,Orange
Clothing,Women,Western,Dresses and Jumpsuits,Dresses,https://www.asos.com/api/product/search/v2/categories/8799?offset=0&includeNonPurchasableTypes=restocking&store=US&lang=en-US&currency=USD&rowlength=4&channel=desktop-web&country=US&customerLoyaltyTier=null&keyStoreDataversion=4i7nlxk-44&advertisementsPartnerId=100716&advertisementsVisitorId=4f89d8e4-c48b-4269-b118-4ff58b2ec3d9&advertisementsOptInConsent=true&limit=72&base_colour=8,Color,Purple
Clothing,Women,Western,Dresses and Jumpsuits,Dresses,https://www.asos.com/api/product/search/v2/categories/8799?offset=0&includeNonPurchasableTypes=restocking&store=US&lang=en-US&currency=USD&rowlength=4&channel=desktop-web&country=US&customerLoyaltyTier=null&keyStoreDataversion=4i7nlxk-44&advertisementsPartnerId=100716&advertisementsVisitorId=4f89d8e4-c48b-4269-b118-4ff58b2ec3d9&advertisementsOptInConsent=true&limit=72&base_colour=11,Color,Gold
Clothing,Women,Western,Dresses and Jumpsuits,Dresses,https://www.asos.com/api/product/search/v2/categories/8799?offset=0&includeNonPurchasableTypes=restocking&store=US&lang=en-US&currency=USD&rowlength=4&channel=desktop-web&country=US&customerLoyaltyTier=null&keyStoreDataversion=4i7nlxk-44&advertisementsPartnerId=100716&advertisementsVisitorId=4f89d8e4-c48b-4269-b118-4ff58b2ec3d9&advertisementsOptInConsent=true&limit=72&base_colour=21,Color,No color
Clothing,Women,Western,Dresses and Jumpsuits,Dresses,https://www.asos.com/api/product/search/v2/categories/8799?offset=0&includeNonPurchasableTypes=restocking&store=US&lang=en-US&currency=USD&rowlength=4&channel=desktop-web&country=US&customerLoyaltyTier=null&keyStoreDataversion=4i7nlxk-44&advertisementsPartnerId=100716&advertisementsVisitorId=4f89d8e4-c48b-4269-b118-4ff58b2ec3d9&advertisementsOptInConsent=true&limit=72&base_colour=12,Color,Silver
Clothing,Women,Western,Dresses and Jumpsuits,Dresses,https://www.asos.com/api/product/search/v2/categories/8799?offset=0&includeNonPurchasableTypes=restocking&store=US&lang=en-US&currency=USD&rowlength=4&channel=desktop-web&country=US&customerLoyaltyTier=null&keyStoreDataversion=4i7nlxk-44&advertisementsPartnerId=100716&advertisementsVisitorId=4f89d8e4-c48b-4269-b118-4ff58b2ec3d9&advertisementsOptInConsent=true&limit=72&base_colour=14,Color,Copper
Clothing,Women,Western,Dresses and Jumpsuits,Dresses,https://www.asos.com/api/product/search/v2/categories/8799?offset=0&includeNonPurchasableTypes=restocking&store=US&lang=en-US&currency=USD&rowlength=4&channel=desktop-web&country=US&customerLoyaltyTier=null&keyStoreDataversion=4i7nlxk-44&advertisementsPartnerId=100716&advertisementsVisitorId=4f89d8e4-c48b-4269-b118-4ff58b2ec3d9&advertisementsOptInConsent=true&limit=72&base_colour=34,Color,Auburn
Clothing,Women,Western,Dresses and Jumpsuits,Dresses,https://www.asos.com/api/product/search/v2/categories/8799?offset=0&includeNonPurchasableTypes=restocking&store=US&lang=en-US&currency=USD&rowlength=4&channel=desktop-web&country=US&customerLoyaltyTier=null&keyStoreDataversion=4i7nlxk-44&advertisementsPartnerId=100716&advertisementsVisitorId=4f89d8e4-c48b-4269-b118-4ff58b2ec3d9&advertisementsOptInConsent=true&limit=72&attribute_1046=61468,Style,Other
Clothing,Women,Western,Dresses and Jumpsuits,Dresses,https://www.asos.com/api/product/search/v2/categories/8799?offset=0&includeNonPurchasableTypes=restocking&store=US&lang=en-US&currency=USD&rowlength=4&channel=desktop-web&country=US&customerLoyaltyTier=null&keyStoreDataversion=4i7nlxk-44&advertisementsPartnerId=100716&advertisementsVisitorId=4f89d8e4-c48b-4269-b118-4ff58b2ec3d9&advertisementsOptInConsent=true&limit=72&attribute_1046=8364,Style,Long Sleeve
Clothing,Women,Western,Dresses and Jumpsuits,Dresses,https://www.asos.com/api/product/search/v2/categories/8799?offset=0&includeNonPurchasableTypes=restocking&store=US&lang=en-US&currency=USD&rowlength=4&channel=desktop-web&country=US&customerLoyaltyTier=null&keyStoreDataversion=4i7nlxk-44&advertisementsPartnerId=100716&advertisementsVisitorId=4f89d8e4-c48b-4269-b118-4ff58b2ec3d9&advertisementsOptInConsent=true&limit=72&attribute_1046=8314,Style,A Line
Clothing,Women,Western,Dresses and Jumpsuits,Dresses,https://www.asos.com/api/product/search/v2/categories/8799?offset=0&includeNonPurchasableTypes=restocking&store=US&lang=en-US&currency=USD&rowlength=4&channel=desktop-web&country=US&customerLoyaltyTier=null&keyStoreDataversion=4i7nlxk-44&advertisementsPartnerId=100716&advertisementsVisitorId=4f89d8e4-c48b-4269-b118-4ff58b2ec3d9&advertisementsOptInConsent=true&limit=72&attribute_1046=72016,Style,Split
Clothing,Women,Western,Dresses and Jumpsuits,Dresses,https://www.asos.com/api/product/search/v2/categories/8799?offset=0&includeNonPurchasableTypes=restocking&store=US&lang=en-US&currency=USD&rowlength=4&channel=desktop-web&country=US&customerLoyaltyTier=null&keyStoreDataversion=4i7nlxk-44&advertisementsPartnerId=100716&advertisementsVisitorId=4f89d8e4-c48b-4269-b118-4ff58b2ec3d9&advertisementsOptInConsent=true&limit=72&attribute_1046=8334,Style,Bodycon
Clothing,Women,Western,Dresses and Jumpsuits,Dresses,https://www.asos.com/api/product/search/v2/categories/8799?offset=0&includeNonPurchasableTypes=restocking&store=US&lang=en-US&currency=USD&rowlength=4&channel=desktop-web&country=US&customerLoyaltyTier=null&keyStoreDataversion=4i7nlxk-44&advertisementsPartnerId=100716&advertisementsVisitorId=4f89d8e4-c48b-4269-b118-4ff58b2ec3d9&advertisementsOptInConsent=true&limit=72&attribute_1046=8307,Style,Bandeau
Clothing,Women,Western,Dresses and Jumpsuits,Dresses,https://www.asos.com/api/product/search/v2/categories/8799?offset=0&includeNonPurchasableTypes=restocking&store=US&lang=en-US&currency=USD&rowlength=4&channel=desktop-web&country=US&customerLoyaltyTier=null&keyStoreDataversion=4i7nlxk-44&advertisementsPartnerId=100716&advertisementsVisitorId=4f89d8e4-c48b-4269-b118-4ff58b2ec3d9&advertisementsOptInConsent=true&limit=72&attribute_1046=72017,Style,Tiered
Clothing,Women,Western,Dresses and Jumpsuits,Dresses,https://www.asos.com/api/product/search/v2/categories/8799?offset=0&includeNonPurchasableTypes=restocking&store=US&lang=en-US&currency=USD&rowlength=4&channel=desktop-web&country=US&customerLoyaltyTier=null&keyStoreDataversion=4i7nlxk-44&advertisementsPartnerId=100716&advertisementsVisitorId=4f89d8e4-c48b-4269-b118-4ff58b2ec3d9&advertisementsOptInConsent=true&limit=72&attribute_1046=8300,Style,Slip
Clothing,Women,Western,Dresses and Jumpsuits,Dresses,https://www.asos.com/api/product/search/v2/categories/8799?offset=0&includeNonPurchasableTypes=restocking&store=US&lang=en-US&currency=USD&rowlength=4&channel=desktop-web&country=US&customerLoyaltyTier=null&keyStoreDataversion=4i7nlxk-44&advertisementsPartnerId=100716&advertisementsVisitorId=4f89d8e4-c48b-4269-b118-4ff58b2ec3d9&advertisementsOptInConsent=true&limit=72&attribute_1046=72004,Style,Cut out
Clothing,Women,Western,Dresses and Jumpsuits,Dresses,https://www.asos.com/api/product/search/v2/categories/8799?offset=0&includeNonPurchasableTypes=restocking&store=US&lang=en-US&currency=USD&rowlength=4&channel=desktop-web&country=US&customerLoyaltyTier=null&keyStoreDataversion=4i7nlxk-44&advertisementsPartnerId=100716&advertisementsVisitorId=4f89d8e4-c48b-4269-b118-4ff58b2ec3d9&advertisementsOptInConsent=true&limit=72&attribute_1046=61462,Style,Smock Dresses
Clothing,Women,Western,Dresses and Jumpsuits,Dresses,https://www.asos.com/api/product/search/v2/categories/8799?offset=0&includeNonPurchasableTypes=restocking&store=US&lang=en-US&currency=USD&rowlength=4&channel=desktop-web&country=US&customerLoyaltyTier=null&keyStoreDataversion=4i7nlxk-44&advertisementsPartnerId=100716&advertisementsVisitorId=4f89d8e4-c48b-4269-b118-4ff58b2ec3d9&advertisementsOptInConsent=true&limit=72&attribute_1046=8299,Style,Skater
Clothing,Women,Western,Dresses and Jumpsuits,Dresses,https://www.asos.com/api/product/search/v2/categories/8799?offset=0&includeNonPurchasableTypes=restocking&store=US&lang=en-US&currency=USD&rowlength=4&channel=desktop-web&country=US&customerLoyaltyTier=null&keyStoreDataversion=4i7nlxk-44&advertisementsPartnerId=100716&advertisementsVisitorId=4f89d8e4-c48b-4269-b118-4ff58b2ec3d9&advertisementsOptInConsent=true&limit=72&attribute_1046=72011,Style,One Shoulder
Clothing,Women,Western,Dresses and Jumpsuits,Dresses,https://www.asos.com/api/product/search/v2/categories/8799?offset=0&includeNonPurchasableTypes=restocking&store=US&lang=en-US&currency=USD&rowlength=4&channel=desktop-web&country=US&customerLoyaltyTier=null&keyStoreDataversion=4i7nlxk-44&advertisementsPartnerId=100716&advertisementsVisitorId=4f89d8e4-c48b-4269-b118-4ff58b2ec3d9&advertisementsOptInConsent=true&limit=72&attribute_1046=8352,Style,Denim
Clothing,Women,Western,Dresses and Jumpsuits,Dresses,https://www.asos.com/api/product/search/v2/categories/8799?offset=0&includeNonPurchasableTypes=restocking&store=US&lang=en-US&currency=USD&rowlength=4&channel=desktop-web&country=US&customerLoyaltyTier=null&keyStoreDataversion=4i7nlxk-44&advertisementsPartnerId=100716&advertisementsVisitorId=4f89d8e4-c48b-4269-b118-4ff58b2ec3d9&advertisementsOptInConsent=true&limit=72&attribute_1046=8295,Style,Shirt
Clothing,Women,Western,Dresses and Jumpsuits,Dresses,https://www.asos.com/api/product/search/v2/categories/8799?offset=0&includeNonPurchasableTypes=restocking&store=US&lang=en-US&currency=USD&rowlength=4&channel=desktop-web&country=US&customerLoyaltyTier=null&keyStoreDataversion=4i7nlxk-44&advertisementsPartnerId=100716&advertisementsVisitorId=4f89d8e4-c48b-4269-b118-4ff58b2ec3d9&advertisementsOptInConsent=true&limit=72&attribute_1046=8349,Style,Off Shoulder
Clothing,Women,Western,Dresses and Jumpsuits,Dresses,https://www.asos.com/api/product/search/v2/categories/8799?offset=0&includeNonPurchasableTypes=restocking&store=US&lang=en-US&currency=USD&rowlength=4&channel=desktop-web&country=US&customerLoyaltyTier=null&keyStoreDataversion=4i7nlxk-44&advertisementsPartnerId=100716&advertisementsVisitorId=4f89d8e4-c48b-4269-b118-4ff58b2ec3d9&advertisementsOptInConsent=true&limit=72&attribute_1046=62000,Style,Backless
Clothing,Women,Western,Dresses and Jumpsuits,Dresses,https://www.asos.com/api/product/search/v2/categories/8799?offset=0&includeNonPurchasableTypes=restocking&store=US&lang=en-US&currency=USD&rowlength=4&channel=desktop-web&country=US&customerLoyaltyTier=null&keyStoreDataversion=4i7nlxk-44&advertisementsPartnerId=100716&advertisementsVisitorId=4f89d8e4-c48b-4269-b118-4ff58b2ec3d9&advertisementsOptInConsent=true&limit=72&attribute_1046=8315,Style,Bardot
Clothing,Women,Western,Dresses and Jumpsuits,Dresses,https://www.asos.com/api/product/search/v2/categories/8799?offset=0&includeNonPurchasableTypes=restocking&store=US&lang=en-US&currency=USD&rowlength=4&channel=desktop-web&country=US&customerLoyaltyTier=null&keyStoreDataversion=4i7nlxk-44&advertisementsPartnerId=100716&advertisementsVisitorId=4f89d8e4-c48b-4269-b118-4ff58b2ec3d9&advertisementsOptInConsent=true&limit=72&attribute_1046=8332,Style,Wrap
Clothing,Women,Western,Dresses and Jumpsuits,Dresses,https://www.asos.com/api/product/search/v2/categories/8799?offset=0&includeNonPurchasableTypes=restocking&store=US&lang=en-US&currency=USD&rowlength=4&channel=desktop-web&country=US&customerLoyaltyTier=null&keyStoreDataversion=4i7nlxk-44&advertisementsPartnerId=100716&advertisementsVisitorId=4f89d8e4-c48b-4269-b118-4ff58b2ec3d9&advertisementsOptInConsent=true&limit=72&attribute_1046=8342,Style,Pleated
Clothing,Women,Western,Dresses and Jumpsuits,Dresses,https://www.asos.com/api/product/search/v2/categories/8799?offset=0&includeNonPurchasableTypes=restocking&store=US&lang=en-US&currency=USD&rowlength=4&channel=desktop-web&country=US&customerLoyaltyTier=null&keyStoreDataversion=4i7nlxk-44&advertisementsPartnerId=100716&advertisementsVisitorId=4f89d8e4-c48b-4269-b118-4ff58b2ec3d9&advertisementsOptInConsent=true&limit=72&attribute_1046=63126,Style,Asymmetric
Clothing,Women,Western,Dresses and Jumpsuits,Dresses,https://www.asos.com/api/product/search/v2/categories/8799?offset=0&includeNonPurchasableTypes=restocking&store=US&lang=en-US&currency=USD&rowlength=4&channel=desktop-web&country=US&customerLoyaltyTier=null&keyStoreDataversion=4i7nlxk-44&advertisementsPartnerId=100716&advertisementsVisitorId=4f89d8e4-c48b-4269-b118-4ff58b2ec3d9&advertisementsOptInConsent=true&limit=72&attribute_1046=8301,Style,T-Shirt
Clothing,Women,Western,Dresses and Jumpsuits,Dresses,https://www.asos.com/api/product/search/v2/categories/8799?offset=0&includeNonPurchasableTypes=restocking&store=US&lang=en-US&currency=USD&rowlength=4&channel=desktop-web&country=US&customerLoyaltyTier=null&keyStoreDataversion=4i7nlxk-44&advertisementsPartnerId=100716&advertisementsVisitorId=4f89d8e4-c48b-4269-b118-4ff58b2ec3d9&advertisementsOptInConsent=true&limit=72&attribute_1046=8311,Style,Swing
Clothing,Women,Western,Dresses and Jumpsuits,Dresses,https://www.asos.com/api/product/search/v2/categories/8799?offset=0&includeNonPurchasableTypes=restocking&store=US&lang=en-US&currency=USD&rowlength=4&channel=desktop-web&country=US&customerLoyaltyTier=null&keyStoreDataversion=4i7nlxk-44&advertisementsPartnerId=100716&advertisementsVisitorId=4f89d8e4-c48b-4269-b118-4ff58b2ec3d9&advertisementsOptInConsent=true&limit=72&attribute_1046=10799,Style,Sweater Dress
Clothing,Women,Western,Dresses and Jumpsuits,Dresses,https://www.asos.com/api/product/search/v2/categories/8799?offset=0&includeNonPurchasableTypes=restocking&store=US&lang=en-US&currency=USD&rowlength=4&channel=desktop-web&country=US&customerLoyaltyTier=null&keyStoreDataversion=4i7nlxk-44&advertisementsPartnerId=100716&advertisementsVisitorId=4f89d8e4-c48b-4269-b118-4ff58b2ec3d9&advertisementsOptInConsent=true&limit=72&attribute_1046=8318,Style,Tea
Clothing,Women,Western,Dresses and Jumpsuits,Dresses,https://www.asos.com/api/product/search/v2/categories/8799?offset=0&includeNonPurchasableTypes=restocking&store=US&lang=en-US&currency=USD&rowlength=4&channel=desktop-web&country=US&customerLoyaltyTier=null&keyStoreDataversion=4i7nlxk-44&advertisementsPartnerId=100716&advertisementsVisitorId=4f89d8e4-c48b-4269-b118-4ff58b2ec3d9&advertisementsOptInConsent=true&limit=72&attribute_1046=10798,Style,Pencil Dress
Clothing,Women,Western,Dresses and Jumpsuits,Dresses,https://www.asos.com/api/product/search/v2/categories/8799?offset=0&includeNonPurchasableTypes=restocking&store=US&lang=en-US&currency=USD&rowlength=4&channel=desktop-web&country=US&customerLoyaltyTier=null&keyStoreDataversion=4i7nlxk-44&advertisementsPartnerId=100716&advertisementsVisitorId=4f89d8e4-c48b-4269-b118-4ff58b2ec3d9&advertisementsOptInConsent=true&limit=72&attribute_1046=8294,Style,Shift
Clothing,Women,Western,Dresses and Jumpsuits,Dresses,https://www.asos.com/api/product/search/v2/categories/8799?offset=0&includeNonPurchasableTypes=restocking&store=US&lang=en-US&currency=USD&rowlength=4&channel=desktop-web&country=US&customerLoyaltyTier=null&keyStoreDataversion=4i7nlxk-44&advertisementsPartnerId=100716&advertisementsVisitorId=4f89d8e4-c48b-4269-b118-4ff58b2ec3d9&advertisementsOptInConsent=true&limit=72&attribute_1046=72006,Style,High-low
Clothing,Women,Western,Dresses and Jumpsuits,Dresses,https://www.asos.com/api/product/search/v2/categories/8799?offset=0&includeNonPurchasableTypes=restocking&store=US&lang=en-US&currency=USD&rowlength=4&channel=desktop-web&country=US&customerLoyaltyTier=null&keyStoreDataversion=4i7nlxk-44&advertisementsPartnerId=100716&advertisementsVisitorId=4f89d8e4-c48b-4269-b118-4ff58b2ec3d9&advertisementsOptInConsent=true&limit=72&attribute_1046=72018,Style,Trapeze
Clothing,Women,Western,Dresses and Jumpsuits,Dresses,https://www.asos.com/api/product/search/v2/categories/8799?offset=0&includeNonPurchasableTypes=restocking&store=US&lang=en-US&currency=USD&rowlength=4&channel=desktop-web&country=US&customerLoyaltyTier=null&keyStoreDataversion=4i7nlxk-44&advertisementsPartnerId=100716&advertisementsVisitorId=4f89d8e4-c48b-4269-b118-4ff58b2ec3d9&advertisementsOptInConsent=true&limit=72&attribute_1046=72001,Style,Bias cut
Clothing,Women,Western,Dresses and Jumpsuits,Dresses,https://www.asos.com/api/product/search/v2/categories/8799?offset=0&includeNonPurchasableTypes=restocking&store=US&lang=en-US&currency=USD&rowlength=4&channel=desktop-web&country=US&customerLoyaltyTier=null&keyStoreDataversion=4i7nlxk-44&advertisementsPartnerId=100716&advertisementsVisitorId=4f89d8e4-c48b-4269-b118-4ff58b2ec3d9&advertisementsOptInConsent=true&limit=72&attribute_1046=72005,Style,Fishtail
Clothing,Women,Western,Dresses and Jumpsuits,Dresses,https://www.asos.com/api/product/search/v2/categories/8799?offset=0&includeNonPurchasableTypes=restocking&store=US&lang=en-US&currency=USD&rowlength=4&channel=desktop-web&country=US&customerLoyaltyTier=null&keyStoreDataversion=4i7nlxk-44&advertisementsPartnerId=100716&advertisementsVisitorId=4f89d8e4-c48b-4269-b118-4ff58b2ec3d9&advertisementsOptInConsent=true&limit=72&attribute_1046=8330,Style,Pinafore
Clothing,Women,Western,Dresses and Jumpsuits,Dresses,https://www.asos.com/api/product/search/v2/categories/8799?offset=0&includeNonPurchasableTypes=restocking&store=US&lang=en-US&currency=USD&rowlength=4&channel=desktop-web&country=US&customerLoyaltyTier=null&keyStoreDataversion=4i7nlxk-44&advertisementsPartnerId=100716&advertisementsVisitorId=4f89d8e4-c48b-4269-b118-4ff58b2ec3d9&advertisementsOptInConsent=true&limit=72&attribute_1046=72002,Style,Blazer Dress
Clothing,Women,Western,Dresses and Jumpsuits,Dresses,https://www.asos.com/api/product/search/v2/categories/8799?offset=0&includeNonPurchasableTypes=restocking&store=US&lang=en-US&currency=USD&rowlength=4&channel=desktop-web&country=US&customerLoyaltyTier=null&keyStoreDataversion=4i7nlxk-44&advertisementsPartnerId=100716&advertisementsVisitorId=4f89d8e4-c48b-4269-b118-4ff58b2ec3d9&advertisementsOptInConsent=true&limit=72&attribute_1046=8336,Style,Cold Shoulder
Clothing,Women,Western,Dresses and Jumpsuits,Dresses,https://www.asos.com/api/product/search/v2/categories/8799?offset=0&includeNonPurchasableTypes=restocking&store=US&lang=en-US&currency=USD&rowlength=4&channel=desktop-web&country=US&customerLoyaltyTier=null&keyStoreDataversion=4i7nlxk-44&advertisementsPartnerId=100716&advertisementsVisitorId=4f89d8e4-c48b-4269-b118-4ff58b2ec3d9&advertisementsOptInConsent=true&limit=72&attribute_1046=62001,Style,Bandage
Clothing,Women,Western,Dresses and Jumpsuits,Dresses,https://www.asos.com/api/product/search/v2/categories/8799?offset=0&includeNonPurchasableTypes=restocking&store=US&lang=en-US&currency=USD&rowlength=4&channel=desktop-web&country=US&customerLoyaltyTier=null&keyStoreDataversion=4i7nlxk-44&advertisementsPartnerId=100716&advertisementsVisitorId=4f89d8e4-c48b-4269-b118-4ff58b2ec3d9&advertisementsOptInConsent=true&limit=72&attribute_1046=8359,Style,Leather
Clothing,Women,Western,Dresses and Jumpsuits,Dresses,https://www.asos.com/api/product/search/v2/categories/8799?offset=0&includeNonPurchasableTypes=restocking&store=US&lang=en-US&currency=USD&rowlength=4&channel=desktop-web&country=US&customerLoyaltyTier=null&keyStoreDataversion=4i7nlxk-44&advertisementsPartnerId=100716&advertisementsVisitorId=4f89d8e4-c48b-4269-b118-4ff58b2ec3d9&advertisementsOptInConsent=true&limit=72&attribute_1046=10806,Style,Overall Dress
Clothing,Women,Western,Dresses and Jumpsuits,Dresses,https://www.asos.com/api/product/search/v2/categories/8799?offset=0&includeNonPurchasableTypes=restocking&store=US&lang=en-US&currency=USD&rowlength=4&channel=desktop-web&country=US&customerLoyaltyTier=null&keyStoreDataversion=4i7nlxk-44&advertisementsPartnerId=100716&advertisementsVisitorId=4f89d8e4-c48b-4269-b118-4ff58b2ec3d9&advertisementsOptInConsent=true&limit=72&attribute_1046=10813,Style,Pencil Skirt
Clothing,Women,Western,Dresses and Jumpsuits,Dresses,https://www.asos.com/api/product/search/v2/categories/8799?offset=0&includeNonPurchasableTypes=restocking&store=US&lang=en-US&currency=USD&rowlength=4&channel=desktop-web&country=US&customerLoyaltyTier=null&keyStoreDataversion=4i7nlxk-44&advertisementsPartnerId=100716&advertisementsVisitorId=4f89d8e4-c48b-4269-b118-4ff58b2ec3d9&advertisementsOptInConsent=true&limit=72&attribute_1046=63003,Style,Skorts
Clothing,Women,Western,Dresses and Jumpsuits,Dresses,https://www.asos.com/api/product/search/v2/categories/8799?offset=0&includeNonPurchasableTypes=restocking&store=US&lang=en-US&currency=USD&rowlength=4&channel=desktop-web&country=US&customerLoyaltyTier=null&keyStoreDataversion=4i7nlxk-44&advertisementsPartnerId=100716&advertisementsVisitorId=4f89d8e4-c48b-4269-b118-4ff58b2ec3d9&advertisementsOptInConsent=true&limit=72&attribute_1046=8313,Style,Wiggle
Clothing,Women,Western,Dresses and Jumpsuits,Dresses,https://www.asos.com/api/product/search/v2/categories/8799?offset=0&includeNonPurchasableTypes=restocking&store=US&lang=en-US&currency=USD&rowlength=4&channel=desktop-web&country=US&customerLoyaltyTier=null&keyStoreDataversion=4i7nlxk-44&advertisementsPartnerId=100716&advertisementsVisitorId=4f89d8e4-c48b-4269-b118-4ff58b2ec3d9&advertisementsOptInConsent=true&limit=72&attribute_10313=50363,Occasion,Casual Dresses
Clothing,Women,Western,Dresses and Jumpsuits,Dresses,https://www.asos.com/api/product/search/v2/categories/8799?offset=0&includeNonPurchasableTypes=restocking&store=US&lang=en-US&currency=USD&rowlength=4&channel=desktop-web&country=US&customerLoyaltyTier=null&keyStoreDataversion=4i7nlxk-44&advertisementsPartnerId=100716&advertisementsVisitorId=4f89d8e4-c48b-4269-b118-4ff58b2ec3d9&advertisementsOptInConsent=true&limit=72&attribute_10313=50364,Occasion,Going Out Dresses
Clothing,Women,Western,Dresses and Jumpsuits,Dresses,https://www.asos.com/api/product/search/v2/categories/8799?offset=0&includeNonPurchasableTypes=restocking&store=US&lang=en-US&currency=USD&rowlength=4&channel=desktop-web&country=US&customerLoyaltyTier=null&keyStoreDataversion=4i7nlxk-44&advertisementsPartnerId=100716&advertisementsVisitorId=4f89d8e4-c48b-4269-b118-4ff58b2ec3d9&advertisementsOptInConsent=true&limit=72&attribute_10313=50365,Occasion,Occasion Dresses
Clothing,Women,Western,Dresses and Jumpsuits,Dresses,https://www.asos.com/api/product/search/v2/categories/8799?offset=0&includeNonPurchasableTypes=restocking&store=US&lang=en-US&currency=USD&rowlength=4&channel=desktop-web&country=US&customerLoyaltyTier=null&keyStoreDataversion=4i7nlxk-44&advertisementsPartnerId=100716&advertisementsVisitorId=4f89d8e4-c48b-4269-b118-4ff58b2ec3d9&advertisementsOptInConsent=true&limit=72&attribute_10313=50367,Occasion,Summer Dresses
Clothing,Women,Western,Dresses and Jumpsuits,Dresses,https://www.asos.com/api/product/search/v2/categories/8799?offset=0&includeNonPurchasableTypes=restocking&store=US&lang=en-US&currency=USD&rowlength=4&channel=desktop-web&country=US&customerLoyaltyTier=null&keyStoreDataversion=4i7nlxk-44&advertisementsPartnerId=100716&advertisementsVisitorId=4f89d8e4-c48b-4269-b118-4ff58b2ec3d9&advertisementsOptInConsent=true&limit=72&attribute_10313=61432,Occasion,Bridesmaids Dresses
Clothing,Women,Western,Dresses and Jumpsuits,Dresses,https://www.asos.com/api/product/search/v2/categories/8799?offset=0&includeNonPurchasableTypes=restocking&store=US&lang=en-US&currency=USD&rowlength=4&channel=desktop-web&country=US&customerLoyaltyTier=null&keyStoreDataversion=4i7nlxk-44&advertisementsPartnerId=100716&advertisementsVisitorId=4f89d8e4-c48b-4269-b118-4ff58b2ec3d9&advertisementsOptInConsent=true&limit=72&attribute_10313=50366,Occasion,Other Dresses
Clothing,Women,Western,Dresses and Jumpsuits,Dresses,https://www.asos.com/api/product/search/v2/categories/8799?offset=0&includeNonPurchasableTypes=restocking&store=US&lang=en-US&currency=USD&rowlength=4&channel=desktop-web&country=US&customerLoyaltyTier=null&keyStoreDataversion=4i7nlxk-44&advertisementsPartnerId=100716&advertisementsVisitorId=4f89d8e4-c48b-4269-b118-4ff58b2ec3d9&advertisementsOptInConsent=true&limit=72&attribute_10313=61431,Occasion,Bridal Dresses
Clothing,Women,Western,Dresses and Jumpsuits,Dresses,https://www.asos.com/api/product/search/v2/categories/8799?offset=0&includeNonPurchasableTypes=restocking&store=US&lang=en-US&currency=USD&rowlength=4&channel=desktop-web&country=US&customerLoyaltyTier=null&keyStoreDataversion=4i7nlxk-44&advertisementsPartnerId=100716&advertisementsVisitorId=4f89d8e4-c48b-4269-b118-4ff58b2ec3d9&advertisementsOptInConsent=true&limit=72&attribute_10313=50368,Occasion,Work Dresses
Clothing,Women,Western,Dresses and Jumpsuits,Dresses,https://www.asos.com/api/product/search/v2/categories/8799?offset=0&includeNonPurchasableTypes=restocking&store=US&lang=en-US&currency=USD&rowlength=4&channel=desktop-web&country=US&customerLoyaltyTier=null&keyStoreDataversion=4i7nlxk-44&advertisementsPartnerId=100716&advertisementsVisitorId=4f89d8e4-c48b-4269-b118-4ff58b2ec3d9&advertisementsOptInConsent=true&limit=72&attribute_10150=60770,Neckline,Crew Neck
Clothing,Women,Western,Dresses and Jumpsuits,Dresses,https://www.asos.com/api/product/search/v2/categories/8799?offset=0&includeNonPurchasableTypes=restocking&store=US&lang=en-US&currency=USD&rowlength=4&channel=desktop-web&country=US&customerLoyaltyTier=null&keyStoreDataversion=4i7nlxk-44&advertisementsPartnerId=100716&advertisementsVisitorId=4f89d8e4-c48b-4269-b118-4ff58b2ec3d9&advertisementsOptInConsent=true&limit=72&attribute_10150=7060,Neckline,V Neck
Clothing,Women,Western,Dresses and Jumpsuits,Dresses,https://www.asos.com/api/product/search/v2/categories/8799?offset=0&includeNonPurchasableTypes=restocking&store=US&lang=en-US&currency=USD&rowlength=4&channel=desktop-web&country=US&customerLoyaltyTier=null&keyStoreDataversion=4i7nlxk-44&advertisementsPartnerId=100716&advertisementsVisitorId=4f89d8e4-c48b-4269-b118-4ff58b2ec3d9&advertisementsOptInConsent=true&limit=72&attribute_10150=61469,Neckline,Square Neck
Clothing,Women,Western,Dresses and Jumpsuits,Dresses,https://www.asos.com/api/product/search/v2/categories/8799?offset=0&includeNonPurchasableTypes=restocking&store=US&lang=en-US&currency=USD&rowlength=4&channel=desktop-web&country=US&customerLoyaltyTier=null&keyStoreDataversion=4i7nlxk-44&advertisementsPartnerId=100716&advertisementsVisitorId=4f89d8e4-c48b-4269-b118-4ff58b2ec3d9&advertisementsOptInConsent=true&limit=72&attribute_10150=72023,Neckline,High Neck
Clothing,Women,Western,Dresses and Jumpsuits,Dresses,https://www.asos.com/api/product/search/v2/categories/8799?offset=0&includeNonPurchasableTypes=restocking&store=US&lang=en-US&currency=USD&rowlength=4&channel=desktop-web&country=US&customerLoyaltyTier=null&keyStoreDataversion=4i7nlxk-44&advertisementsPartnerId=100716&advertisementsVisitorId=4f89d8e4-c48b-4269-b118-4ff58b2ec3d9&advertisementsOptInConsent=true&limit=72&attribute_10150=61463,Neckline,Scoop Neck
Clothing,Women,Western,Dresses and Jumpsuits,Dresses,https://www.asos.com/api/product/search/v2/categories/8799?offset=0&includeNonPurchasableTypes=restocking&store=US&lang=en-US&currency=USD&rowlength=4&channel=desktop-web&country=US&customerLoyaltyTier=null&keyStoreDataversion=4i7nlxk-44&advertisementsPartnerId=100716&advertisementsVisitorId=4f89d8e4-c48b-4269-b118-4ff58b2ec3d9&advertisementsOptInConsent=true&limit=72&attribute_10150=72020,Neckline,Halter Neck
Clothing,Women,Western,Dresses and Jumpsuits,Dresses,https://www.asos.com/api/product/search/v2/categories/8799?offset=0&includeNonPurchasableTypes=restocking&store=US&lang=en-US&currency=USD&rowlength=4&channel=desktop-web&country=US&customerLoyaltyTier=null&keyStoreDataversion=4i7nlxk-44&advertisementsPartnerId=100716&advertisementsVisitorId=4f89d8e4-c48b-4269-b118-4ff58b2ec3d9&advertisementsOptInConsent=true&limit=72&attribute_10150=72024,Neckline,Sweetheart neck
Clothing,Women,Western,Dresses and Jumpsuits,Dresses,https://www.asos.com/api/product/search/v2/categories/8799?offset=0&includeNonPurchasableTypes=restocking&store=US&lang=en-US&currency=USD&rowlength=4&channel=desktop-web&country=US&customerLoyaltyTier=null&keyStoreDataversion=4i7nlxk-44&advertisementsPartnerId=100716&advertisementsVisitorId=4f89d8e4-c48b-4269-b118-4ff58b2ec3d9&advertisementsOptInConsent=true&limit=72&attribute_10150=61464,Neckline,Round Neck
Clothing,Women,Western,Dresses and Jumpsuits,Dresses,https://www.asos.com/api/product/search/v2/categories/8799?offset=0&includeNonPurchasableTypes=restocking&store=US&lang=en-US&currency=USD&rowlength=4&channel=desktop-web&country=US&customerLoyaltyTier=null&keyStoreDataversion=4i7nlxk-44&advertisementsPartnerId=100716&advertisementsVisitorId=4f89d8e4-c48b-4269-b118-4ff58b2ec3d9&advertisementsOptInConsent=true&limit=72&attribute_10150=72019,Neckline,Cowl neck
Clothing,Women,Western,Dresses and Jumpsuits,Dresses,https://www.asos.com/api/product/search/v2/categories/8799?offset=0&includeNonPurchasableTypes=restocking&store=US&lang=en-US&currency=USD&rowlength=4&channel=desktop-web&country=US&customerLoyaltyTier=null&keyStoreDataversion=4i7nlxk-44&advertisementsPartnerId=100716&advertisementsVisitorId=4f89d8e4-c48b-4269-b118-4ff58b2ec3d9&advertisementsOptInConsent=true&limit=72&attribute_10150=63129,Neckline,Boat neck
Clothing,Women,Western,Dresses and Jumpsuits,Dresses,https://www.asos.com/api/product/search/v2/categories/8799?offset=0&includeNonPurchasableTypes=restocking&store=US&lang=en-US&currency=USD&rowlength=4&channel=desktop-web&country=US&customerLoyaltyTier=null&keyStoreDataversion=4i7nlxk-44&advertisementsPartnerId=100716&advertisementsVisitorId=4f89d8e4-c48b-4269-b118-4ff58b2ec3d9&advertisementsOptInConsent=true&limit=72&attribute_10150=63127,Neckline,Asymmetric
Clothing,Women,Western,Dresses and Jumpsuits,Dresses,https://www.asos.com/api/product/search/v2/categories/8799?offset=0&includeNonPurchasableTypes=restocking&store=US&lang=en-US&currency=USD&rowlength=4&channel=desktop-web&country=US&customerLoyaltyTier=null&keyStoreDataversion=4i7nlxk-44&advertisementsPartnerId=100716&advertisementsVisitorId=4f89d8e4-c48b-4269-b118-4ff58b2ec3d9&advertisementsOptInConsent=true&limit=72&attribute_10150=63128,Neckline,Plunge
Clothing,Women,Western,Dresses and Jumpsuits,Dresses,https://www.asos.com/api/product/search/v2/categories/8799?offset=0&includeNonPurchasableTypes=restocking&store=US&lang=en-US&currency=USD&rowlength=4&channel=desktop-web&country=US&customerLoyaltyTier=null&keyStoreDataversion=4i7nlxk-44&advertisementsPartnerId=100716&advertisementsVisitorId=4f89d8e4-c48b-4269-b118-4ff58b2ec3d9&advertisementsOptInConsent=true&limit=72&attribute_10150=2423,Neckline,Roll Neck
Clothing,Women,Western,Dresses and Jumpsuits,Dresses,https://www.asos.com/api/product/search/v2/categories/8799?offset=0&includeNonPurchasableTypes=restocking&store=US&lang=en-US&currency=USD&rowlength=4&channel=desktop-web&country=US&customerLoyaltyTier=null&keyStoreDataversion=4i7nlxk-44&advertisementsPartnerId=100716&advertisementsVisitorId=4f89d8e4-c48b-4269-b118-4ff58b2ec3d9&advertisementsOptInConsent=true&limit=72&attribute_10150=72021,Neckline,Funnel Neck
Clothing,Women,Western,Dresses and Jumpsuits,Dresses,https://www.asos.com/api/product/search/v2/categories/8799?offset=0&includeNonPurchasableTypes=restocking&store=US&lang=en-US&currency=USD&rowlength=4&channel=desktop-web&country=US&customerLoyaltyTier=null&keyStoreDataversion=4i7nlxk-44&advertisementsPartnerId=100716&advertisementsVisitorId=4f89d8e4-c48b-4269-b118-4ff58b2ec3d9&advertisementsOptInConsent=true&limit=72&attribute_10150=72022,Neckline,Turtleneck
Clothing,Women,Western,Dresses and Jumpsuits,Dresses,https://www.asos.com/api/product/search/v2/categories/8799?offset=0&includeNonPurchasableTypes=restocking&store=US&lang=en-US&currency=USD&rowlength=4&channel=desktop-web&country=US&customerLoyaltyTier=null&keyStoreDataversion=4i7nlxk-44&advertisementsPartnerId=100716&advertisementsVisitorId=4f89d8e4-c48b-4269-b118-4ff58b2ec3d9&advertisementsOptInConsent=true&limit=72&attribute_10156=50479,Sleeve Length,Sleeveless
Clothing,Women,Western,Dresses and Jumpsuits,Dresses,https://www.asos.com/api/product/search/v2/categories/8799?offset=0&includeNonPurchasableTypes=restocking&store=US&lang=en-US&currency=USD&rowlength=4&channel=desktop-web&country=US&customerLoyaltyTier=null&keyStoreDataversion=4i7nlxk-44&advertisementsPartnerId=100716&advertisementsVisitorId=4f89d8e4-c48b-4269-b118-4ff58b2ec3d9&advertisementsOptInConsent=true&limit=72&attribute_10156=50477,Sleeve Length,Long Sleeve
Clothing,Women,Western,Dresses and Jumpsuits,Dresses,https://www.asos.com/api/product/search/v2/categories/8799?offset=0&includeNonPurchasableTypes=restocking&store=US&lang=en-US&currency=USD&rowlength=4&channel=desktop-web&country=US&customerLoyaltyTier=null&keyStoreDataversion=4i7nlxk-44&advertisementsPartnerId=100716&advertisementsVisitorId=4f89d8e4-c48b-4269-b118-4ff58b2ec3d9&advertisementsOptInConsent=true&limit=72&attribute_10156=50478,Sleeve Length,Short Sleeve
Clothing,Women,Western,Dresses and Jumpsuits,Dresses,https://www.asos.com/api/product/search/v2/categories/8799?offset=0&includeNonPurchasableTypes=restocking&store=US&lang=en-US&currency=USD&rowlength=4&channel=desktop-web&country=US&customerLoyaltyTier=null&keyStoreDataversion=4i7nlxk-44&advertisementsPartnerId=100716&advertisementsVisitorId=4f89d8e4-c48b-4269-b118-4ff58b2ec3d9&advertisementsOptInConsent=true&limit=72&attribute_10156=61439,Sleeve Length,One Sleeve
